﻿<?xml version="1.0" encoding="utf-8" standalone="no" ?>
<vehicle type="teleHandler"
	xmlns:xsi="http://www.w3.org/2001/XMLSchema-instance" xsi:noNamespaceSchemaLocation="../../../../shared/xml/schema/vehicle.xsd">
	<annotation>Copyright (C) GIANTS Software GmbH, All Rights Reserved.</annotation>
	<storeData>
		<name>
			<en>L330</en>
		</name>
		<specs>
			<power>84</power>
			<maxSpeed>20</maxSpeed>
			<combination filterCategory="skidSteerTools"/>
		</specs>
		<functions>
			<function>$l10n_function_skidsteer</function>
		</functions>
		<image>store_l330.dds</image>
		<price>55000</price>
		<lifetime>600</lifetime>
		<rotation>0</rotation>
		<brand>NEWHOLLAND</brand>
		<category>skidSteerVehicles</category>
        <vertexBufferMemoryUsage>2842624</vertexBufferMemoryUsage>
        <indexBufferMemoryUsage>541952</indexBufferMemoryUsage>
        <textureMemoryUsage>4128768</textureMemoryUsage>
        <audioMemoryUsage>329745</audioMemoryUsage>
        <instanceVertexBufferMemoryUsage>0</instanceVertexBufferMemoryUsage>
        <instanceIndexBufferMemoryUsage>0</instanceIndexBufferMemoryUsage>
	</storeData>
	<base>
		<typeDesc>$l10n_typeDesc_telehandler</typeDesc>
		<filename>l330.i3d</filename>
		<sounds filename="$data/vehicles/newHolland/l218/sounds/l218.xml"/>
		<size width="2.2" length="3" height="2.1" lengthOffset="-0.4"/>
		<components>
			<component centerOfMass="0 0.35 -0.77" solverIterationCount="10" mass="3765"/>
		</components>
		<schemaOverlay attacherJointPosition="0 0" name="LOADER"/>
		<mapHotspot type="WHEELLOADER"/>
	</base>
	<wheels>
		<wheelConfigurations>
			<wheelConfiguration name="$l10n_configuration_valueDefault" brand="TRELLEBORG" saveId="TRELLEBORG_DEFAULT">
				<wheels autoRotateBackSpeed="10.0" speedDependentRotateBack="false">
					<wheel filename="$data/shared/wheels/tires/trelleborg/SK800/10_R16_5.xml" isLeft="true" hasTireTracks="true" hasParticles="true">
						<physics rotSpeed="1" restLoad="0.4" repr="wheelFrontLeft" showSteeringAngle="false" forcePointRatio="0.5" mass="0.1" initialCompression="15" suspTravel="0.06" spring="34" damper="20" rotationDamping="0.002"/>
					</wheel>
					<wheel filename="$data/shared/wheels/tires/trelleborg/SK800/10_R16_5.xml" isLeft="false" hasTireTracks="true" hasParticles="true">
						<physics rotSpeed="1" restLoad="0.4" repr="wheelFrontRight" showSteeringAngle="false" forcePointRatio="0.5" mass="0.1" initialCompression="15" suspTravel="0.06" spring="34" damper="20" rotationDamping="0.002"/>
					</wheel>
					<wheel filename="$data/shared/wheels/tires/trelleborg/SK800/10_R16_5.xml" isLeft="true" hasTireTracks="true" hasParticles="true">
						<physics rotSpeed="1" restLoad="1.0" repr="wheelBackLeft" showSteeringAngle="false" forcePointRatio="0.5" mass="0.1" initialCompression="50" suspTravel="0.06" spring="31" damper="20" rotationDamping="0.002"/>
					</wheel>
					<wheel filename="$data/shared/wheels/tires/trelleborg/SK800/10_R16_5.xml" isLeft="false" hasTireTracks="true" hasParticles="true">
						<physics rotSpeed="1" restLoad="1.0" repr="wheelBackRight" showSteeringAngle="false" forcePointRatio="0.5" mass="0.1" initialCompression="50" suspTravel="0.06" spring="31" damper="20" rotationDamping="0.002"/>
					</wheel>
				</wheels>
			</wheelConfiguration>
			<wheelConfiguration name="$l10n_configuration_valueWheelBroad" price="500" brand="TRELLEBORG" saveId="TRELLEBORG_DEFAULT2">
				<wheels baseConfig="TRELLEBORG_DEFAULT">
					<wheel filename="tires/12_R16_5.xml">
						<physics yOffset="0.011"/>
					</wheel>
					<wheel filename="tires/12_R16_5.xml">
						<physics yOffset="0.011"/>
					</wheel>
					<wheel filename="tires/12_R16_5.xml">
						<physics yOffset="0.011"/>
					</wheel>
					<wheel filename="tires/12_R16_5.xml">
						<physics yOffset="0.011"/>
					</wheel>
				</wheels>
			</wheelConfiguration>
			<wheelConfiguration name="$l10n_configuration_valueDefault" price="0" brand="MITAS" saveId="MITAS_DEFAULT">
				<wheels baseConfig="TRELLEBORG_DEFAULT">
					<wheel filename="$data/shared/wheels/tires/mitas/AC70G/265_70R16.xml">
						<physics yOffset="0.011"/>
					</wheel>
					<wheel filename="$data/shared/wheels/tires/mitas/AC70G/265_70R16.xml">
						<physics yOffset="0.011"/>
					</wheel>
					<wheel filename="$data/shared/wheels/tires/mitas/AC70G/265_70R16.xml">
						<physics yOffset="0.011"/>
					</wheel>
					<wheel filename="$data/shared/wheels/tires/mitas/AC70G/265_70R16.xml">
						<physics yOffset="0.011"/>
					</wheel>
				</wheels>
			</wheelConfiguration>
			<wheelConfiguration name="$l10n_configuration_valueWheelBroad" price="500" brand="MITAS" saveId="MITAS_DEFAULT3">
				<wheels baseConfig="TRELLEBORG_DEFAULT">
					<wheel filename="$data/shared/wheels/tires/mitas/AC70G/285_80R16.xml">
						<physics yOffset="0.011"/>
					</wheel>
					<wheel filename="$data/shared/wheels/tires/mitas/AC70G/285_80R16.xml">
						<physics yOffset="0.011"/>
					</wheel>
					<wheel filename="$data/shared/wheels/tires/mitas/AC70G/285_80R16.xml">
						<physics yOffset="0.011"/>
					</wheel>
					<wheel filename="$data/shared/wheels/tires/mitas/AC70G/285_80R16.xml">
						<physics yOffset="0.011"/>
					</wheel>
				</wheels>
			</wheelConfiguration>
			<wheelConfiguration name="$l10n_configuration_valueDefault" price="0" brand="VREDESTEIN" saveId="VREDESTEIN_DEFAULT">
				<wheels baseConfig="TRELLEBORG_DEFAULT">
					<wheel filename="$data/shared/wheels/tires/vredestein/traxion70/260_70R16.xml">
						<physics yOffset="0.009"/>
					</wheel>
					<wheel filename="$data/shared/wheels/tires/vredestein/traxion70/260_70R16.xml">
						<physics yOffset="0.009"/>
					</wheel>
					<wheel filename="$data/shared/wheels/tires/vredestein/traxion70/260_70R16.xml">
						<physics yOffset="0.009"/>
					</wheel>
					<wheel filename="$data/shared/wheels/tires/vredestein/traxion70/260_70R16.xml">
						<physics yOffset="0.009"/>
					</wheel>
				</wheels>
			</wheelConfiguration>
		</wheelConfigurations>
		<ackermannSteeringConfigurations>
			<ackermannSteering rotSpeed="70" rotMax="60" rotCenter="0 0"/>
		</ackermannSteeringConfigurations>
		<rimColor>NEWHOLLAND_BLACK1</rimColor>
		<hubs>
			<color0>NEWHOLLAND_BLACK1</color0>
			<hub linkNode="wheelFrontLeft" filename="$data/shared/wheels/hubs/hub_n10_14.xml" isLeft="true" scale="0.2 0.2 0.2"/>
			<hub linkNode="wheelFrontRight" filename="$data/shared/wheels/hubs/hub_n10_14.xml" isLeft="false" scale="0.2 0.2 0.2"/>
			<hub linkNode="wheelBackLeft" filename="$data/shared/wheels/hubs/hub_n10_14.xml" isLeft="true" scale="0.2 0.2 0.2"/>
			<hub linkNode="wheelBackRight" filename="$data/shared/wheels/hubs/hub_n10_14.xml" isLeft="false" scale="0.2 0.2 0.2"/>
		</hubs>
	</wheels>
	<rimColorConfigurations useDefaultColors="false" price="250" >
		<!-- Branco -->
		<rimColorConfiguration name="$l10n_BrancoPadrao" color="1 1 1"  material="16" price="500"/>
		<rimColorConfiguration name="$l10n_Fosco" color="1 1 1"  material="1" price="500"/>
		<rimColorConfiguration name="$l10n_Polido" color="1 1 1"  material="32" price="500"/>
		<rimColorConfiguration name="$l10n_PeroladoLeve" color="1 1 1"  material="40" price="500"/>
		<rimColorConfiguration name="$l10n_Perolado" color="1 1 1"  material="33" price="500"/>
		<rimColorConfiguration name="$l10n_MetalFosco" color="1 1 1"  material="27" price="500"/>
		<rimColorConfiguration name="$l10n_Metal" color="1 1 1"  material="3" price="500"/>
		<rimColorConfiguration name="$l10n_MetalPolido" color="1 1 1"  material="2" price="500"/>
		<!-- Bege -->
		<rimColorConfiguration name="$l10n_BegePadrao" color="0.81 0.8 0.55"  material="16" price="500"/>
		<rimColorConfiguration name="$l10n_Fosco" color="0.81 0.8 0.55"  material="1" price="500"/>
		<rimColorConfiguration name="$l10n_Polido" color="0.81 0.8 0.55"  material="32" price="500"/>
		<rimColorConfiguration name="$l10n_PeroladoLeve" color="0.81 0.8 0.55"  material="40" price="500"/>
		<rimColorConfiguration name="$l10n_Perolado" color="0.81 0.8 0.55"  material="33" price="500"/>
		<rimColorConfiguration name="$l10n_MetalFosco" color="0.81 0.8 0.55"  material="27" price="500"/>
		<rimColorConfiguration name="$l10n_Metal" color="0.81 0.8 0.55"  material="3" price="500"/>
		<rimColorConfiguration name="$l10n_MetalPolido" color="0.81 0.8 0.55"  material="2" price="500"/>
		<!-- Cinza -->
		<rimColorConfiguration name="$l10n_CinzaPadrao" color="0.2 0.2 0.2"  material="16" price="500"/>
		<rimColorConfiguration name="$l10n_Fosco" color="0.2 0.2 0.2"  material="1" price="500"/>
		<rimColorConfiguration name="$l10n_Polido" color="0.2 0.2 0.2"  material="32" price="500"/>
		<rimColorConfiguration name="$l10n_PeroladoLeve" color="0.2 0.2 0.2"  material="40" price="500"/>
		<rimColorConfiguration name="$l10n_Perolado" color="0.2 0.2 0.2"  material="33" price="500"/>
		<rimColorConfiguration name="$l10n_MetalFosco" color="0.2 0.2 0.2"  material="27" price="500"/>
		<rimColorConfiguration name="$l10n_Metal" color="0.2 0.2 0.2"  material="3" price="500"/>
		<rimColorConfiguration name="$l10n_MetalPolido" color="0.2 0.2 0.2"  material="2" price="500"/>
		<!-- Preto -->
		<rimColorConfiguration name="$l10n_PretoPadrao" color="0.02 0.02 0.02"  material="16" price="500"/>
		<rimColorConfiguration name="$l10n_Fosco" color="0.02 0.02 0.02"  material="1" price="500"/>
		<rimColorConfiguration name="$l10n_Polido" color="0.02 0.02 0.02"  material="32" price="500"/>
		<rimColorConfiguration name="$l10n_PeroladoLeve" color="0.02 0.02 0.02"  material="40" price="500"/>
		<rimColorConfiguration name="$l10n_Perolado" color="0.02 0.02 0.02"  material="33" price="500"/>
		<rimColorConfiguration name="$l10n_MetalFosco" color="0.02 0.02 0.02"  material="27" price="500"/>
		<rimColorConfiguration name="$l10n_Metal" color="0.02 0.02 0.02"  material="3" price="500"/>
		<rimColorConfiguration name="$l10n_MetalPolido" color="0.02 0.02 0.02"  material="2" price="500"/>
		<!-- Vinho -->
		<rimColorConfiguration name="$l10n_VinhoPadrao" color="0.09 0 0"  material="16" price="500"/>
		<rimColorConfiguration name="$l10n_Fosco" color="0.09 0 0"  material="1" price="500"/>
		<rimColorConfiguration name="$l10n_Polido" color="0.09 0 0"  material="32" price="500"/>
		<rimColorConfiguration name="$l10n_PeroladoLeve" color="0.09 0 0"  material="40" price="500"/>
		<rimColorConfiguration name="$l10n_Perolado" color="0.09 0 0"  material="33" price="500"/>
		<rimColorConfiguration name="$l10n_MetalFosco" color="0.09 0 0"  material="27" price="500"/>
		<rimColorConfiguration name="$l10n_Metal" color="0.09 0 0"  material="3" price="500"/>
		<rimColorConfiguration name="$l10n_MetalPolido" color="0.09 0 0"  material="2" price="500"/>
		<!-- Vermelho -->
		<rimColorConfiguration name="$l10n_VermelhoPadrao" color="CASEIH_RED1"  material="16" price="500"/>
		<rimColorConfiguration name="$l10n_Fosco" color="CASEIH_RED1"  material="1" price="500"/>
		<rimColorConfiguration name="$l10n_Polido" color="CASEIH_RED1"  material="32" price="500"/>
		<rimColorConfiguration name="$l10n_PeroladoLeve" color="CASEIH_RED1"  material="40" price="500"/>
		<rimColorConfiguration name="$l10n_Perolado" color="CASEIH_RED1"  material="33" price="500"/>
		<rimColorConfiguration name="$l10n_MetalFosco" color="CASEIH_RED1"  material="27" price="500"/>
		<rimColorConfiguration name="$l10n_Metal" color="CASEIH_RED1"  material="3" price="500"/>
		<rimColorConfiguration name="$l10n_MetalPolido" color="CASEIH_RED1"  material="2" price="500"/>
		<!-- Laranja -->
		<rimColorConfiguration name="$l10n_LaranjaPadrao" color="STARA_ORANGE"  material="16" price="500"/>
		<rimColorConfiguration name="$l10n_Fosco" color="STARA_ORANGE"  material="1" price="500"/>
		<rimColorConfiguration name="$l10n_Polido" color="STARA_ORANGE"  material="32" price="500"/>
		<rimColorConfiguration name="$l10n_PeroladoLeve" color="STARA_ORANGE"  material="40" price="500"/>
		<rimColorConfiguration name="$l10n_Perolado" color="STARA_ORANGE"  material="33" price="500"/>
		<rimColorConfiguration name="$l10n_MetalFosco" color="STARA_ORANGE"  material="27" price="500"/>
		<rimColorConfiguration name="$l10n_Metal" color="STARA_ORANGE"  material="3" price="500"/>
		<rimColorConfiguration name="$l10n_MetalPolido" color="STARA_ORANGE"  material="2" price="500"/>
		<!-- Amarelo -->
		<rimColorConfiguration name="$l10n_AmareloPadrao" color="NEWHOLLAND_YELLOW1"  material="16" isDefault="true"/>
		<rimColorConfiguration name="$l10n_Fosco" color="NEWHOLLAND_YELLOW1"  material="1" price="500"/>
		<rimColorConfiguration name="$l10n_Polido" color="NEWHOLLAND_YELLOW1"  material="32" price="500"/>
		<rimColorConfiguration name="$l10n_PeroladoLeve" color="NEWHOLLAND_YELLOW1"  material="40" price="500"/>
		<rimColorConfiguration name="$l10n_Perolado" color="NEWHOLLAND_YELLOW1"  material="33" price="500"/>
		<rimColorConfiguration name="$l10n_MetalFosco" color="NEWHOLLAND_YELLOW1"  material="27" price="500"/>
		<rimColorConfiguration name="$l10n_Metal" color="NEWHOLLAND_YELLOW1"  material="3" price="500"/>
		<rimColorConfiguration name="$l10n_MetalPolido" color="NEWHOLLAND_YELLOW1"  material="2" price="500"/>
		<!-- Verde -->
		<rimColorConfiguration name="$l10n_VerdePadrao" color="JOHNDEERE_GREEN1"  material="16" price="500"/>
		<rimColorConfiguration name="$l10n_Fosco" color="JOHNDEERE_GREEN1"  material="1" price="500"/>
		<rimColorConfiguration name="$l10n_Polido" color="JOHNDEERE_GREEN1"  material="32" price="500"/>
		<rimColorConfiguration name="$l10n_PeroladoLeve" color="JOHNDEERE_GREEN1"  material="40" price="500"/>
		<rimColorConfiguration name="$l10n_Perolado" color="JOHNDEERE_GREEN1"  material="33" price="500"/>
		<rimColorConfiguration name="$l10n_MetalFosco" color="JOHNDEERE_GREEN1"  material="27" price="500"/>
		<rimColorConfiguration name="$l10n_Metal" color="JOHNDEERE_GREEN1"  material="3" price="500"/>
		<rimColorConfiguration name="$l10n_MetalPolido" color="JOHNDEERE_GREEN1"  material="2" price="500"/>
		<!-- Verde Claro -->
		<rimColorConfiguration name="$l10n_VerdeClaroPadrao" color="0.0152 0.3112 0.0582"  material="16" price="500"/>
		<rimColorConfiguration name="$l10n_Fosco" color="0.0152 0.3112 0.0582"  material="1" price="500"/>
		<rimColorConfiguration name="$l10n_Polido" color="0.0152 0.3112 0.0582"  material="32" price="500"/>
		<rimColorConfiguration name="$l10n_PeroladoLeve" color="0.0152 0.3112 0.0582"  material="40" price="500"/>
		<rimColorConfiguration name="$l10n_Perolado" color="0.0152 0.3112 0.0582"  material="33" price="500"/>
		<rimColorConfiguration name="$l10n_MetalFosco" color="0.0152 0.3112 0.0582"  material="27" price="500"/>
		<rimColorConfiguration name="$l10n_Metal" color="0.0152 0.3112 0.0582"  material="3" price="500"/>
		<rimColorConfiguration name="$l10n_MetalPolido" color="0.0152 0.3112 0.0582"  material="2" price="500"/>
		<!-- Verde Royal -->
		<rimColorConfiguration name="$l10n_VerdeRoyalPadrao" color="0 0.17 0.09"  material="16" price="500"/>
		<rimColorConfiguration name="$l10n_Fosco" color="0 0.17 0.09"  material="1" price="500"/>
		<rimColorConfiguration name="$l10n_Polido" color="0 0.17 0.092"  material="32" price="500"/>
		<rimColorConfiguration name="$l10n_PeroladoLeve" color="0 0.17 0.09"  material="40" price="500"/>
		<rimColorConfiguration name="$l10n_Perolado" color="0 0.17 0.09"  material="33" price="500"/>
		<rimColorConfiguration name="$l10n_MetalFosco" color="0 0.17 0.09"  material="27" price="500"/>
		<rimColorConfiguration name="$l10n_Metal" color="0 0.17 0.09"  material="3" price="500"/>
		<rimColorConfiguration name="$l10n_MetalPolido" color="0 0.17 0.09"  material="2" price="500"/>
		<!-- Azul Claro	 -->
		<rimColorConfiguration name="$l10n_AzulClaroPadrao" color="0.000 0.750 0.750"  material="16" price="500"/>
		<rimColorConfiguration name="$l10n_Fosco" color="0.000 0.750 0.750"  material="1" price="500"/>
		<rimColorConfiguration name="$l10n_Polido" color="0.000 0.750 0.750"  material="32" price="500"/>
		<rimColorConfiguration name="$l10n_PeroladoLeve" color="0.000 0.750 0.750"  material="40" price="500"/>
		<rimColorConfiguration name="$l10n_Perolado" color="0.000 0.750 0.750"  material="33" price="500"/>
		<rimColorConfiguration name="$l10n_MetalFosco" color="0.000 0.750 0.750"  material="27" price="500"/>
		<rimColorConfiguration name="$l10n_Metal" color="0.000 0.750 0.750"  material="3" price="500"/>
		<rimColorConfiguration name="$l10n_MetalPolido" color="0.000 0.750 0.750"  material="2" price="500"/>
		<!-- Azul	 -->
		<rimColorConfiguration name="$l10n_AzulPadrao" color="NEWHOLLAND_BLUE1"  material="16" price="500"/>
		<rimColorConfiguration name="$l10n_Fosco" color="NEWHOLLAND_BLUE1"  material="1" price="500"/>
		<rimColorConfiguration name="$l10n_Polido" color="NEWHOLLAND_BLUE1"  material="32" price="500"/>
		<rimColorConfiguration name="$l10n_PeroladoLeve" color="NEWHOLLAND_BLUE1"  material="40" price="500"/>
		<rimColorConfiguration name="$l10n_Perolado" color="NEWHOLLAND_BLUE1"  material="33" price="500"/>
		<rimColorConfiguration name="$l10n_MetalFosco" color="NEWHOLLAND_BLUE1"  material="27" price="500"/>
		<rimColorConfiguration name="$l10n_Metal" color="NEWHOLLAND_BLUE1"  material="3" price="500"/>
		<rimColorConfiguration name="$l10n_MetalPolido" color="NEWHOLLAND_BLUE1"  material="2" price="500"/>
		<!-- Azul Escuro-->
		<rimColorConfiguration name="$l10n_AzulEscuroPadrao" color="0.015 0.025 0.087"  material="16" price="500"/>
		<rimColorConfiguration name="$l10n_Fosco" color="0.015 0.025 0.087"  material="1" price="500"/>
		<rimColorConfiguration name="$l10n_Polido" color="0.015 0.025 0.087"  material="32" price="500"/>
		<rimColorConfiguration name="$l10n_PeroladoLeve" color="0.015 0.025 0.087"  material="40" price="500"/>
		<rimColorConfiguration name="$l10n_Perolado" color="0.015 0.025 0.087"  material="33" price="500"/>
		<rimColorConfiguration name="$l10n_MetalFosco" color="0.015 0.025 0.087"  material="27" price="500"/>
		<rimColorConfiguration name="$l10n_Metal" color="0.015 0.025 0.087"  material="3" price="500"/>
		<rimColorConfiguration name="$l10n_MetalPolido" color="0.015 0.025 0.087"  material="2" price="500"/>
		<!-- Roxo -->
		<rimColorConfiguration name="$l10n_RoxoPadrao" color="0.13 0.03 1"  material="16" price="500"/>
		<rimColorConfiguration name="$l10n_Fosco" color="0.13 0.03 1"  material="1" price="500"/>
		<rimColorConfiguration name="$l10n_Polido" color="0.13 0.03 1"  material="32" price="500"/>
		<rimColorConfiguration name="$l10n_PeroladoLeve" color="0.13 0.03 1"  material="40" price="500"/>
		<rimColorConfiguration name="$l10n_Perolado" color="0.13 0.03 1"  material="33" price="500"/>
		<rimColorConfiguration name="$l10n_MetalFosco" color="0.13 0.03 1"  material="27" price="500"/>
		<rimColorConfiguration name="$l10n_Metal" color="0.13 0.03 1"  material="3" price="500"/>
		<rimColorConfiguration name="$l10n_MetalPolido" color="0.13 0.03 1"  material="2" price="500"/>
		<!-- Rosa -->
		<rimColorConfiguration name="$l10n_RosaPadrao" color="0.880 0.00 0.565"  material="16" price="500"/>
		<rimColorConfiguration name="$l10n_Fosco" color="0.880 0.00 0.565"  material="1" price="500"/>
		<rimColorConfiguration name="$l10n_Polido" color="0.880 0.00 0.565"  material="32" price="500"/>
		<rimColorConfiguration name="$l10n_PeroladoLeve" color="0.880 0.00 0.565"  material="40" price="500"/>
		<rimColorConfiguration name="$l10n_Perolado" color="0.880 0.00 0.565"  material="33" price="500"/>
		<rimColorConfiguration name="$l10n_MetalFosco" color="0.880 0.00 0.565"  material="27" price="500"/>
		<rimColorConfiguration name="$l10n_Metal" color="0.880 0.00 0.565"  material="3" price="500"/>
		<rimColorConfiguration name="$l10n_MetalPolido" color="0.880 0.00 0.565"  material="2" price="500"/>
	</rimColorConfigurations>
	<lights>
		<beaconLights>
			<beaconLight node="giroflex" filename="$data/shared/assets/beaconLights/lizard/beaconLight06.xml"/>
		</beaconLights>
		<sharedLight linkNode="luzesq" filename="$data/shared/assets/lights/lizard/frontLight03_left.xml" lightTypes="1"/>
		<sharedLight linkNode="luzdir" filename="$data/shared/assets/lights/lizard/frontLight03_right.xml" lightTypes="1"/>
		<states>
			<state lightTypes="0"/>
			<state lightTypes="0 1"/>
		</states>'
        
		
		<realLights>
			<low>
				<light node="frontLightLow" lightTypes="0 3"/>
				<light node="backLightsHigh1" lightTypes="0 3"/>
			</low>
			<high>
				<light node="realluzall" lightTypes="1"/>
				<light node="frontLightHigh" lightTypes="0 3"/>
				<light node="backLightsHigh1" lightTypes="0"/>
				<brakeLight node="backLightsHigh1"/>
				<turnLightLeft node="setaluzesq"/>
				<turnLightLeft node="turnLightLeftBack"/>
				<turnLightRight node="setaluzdir"/>
				<turnLightRight node="turnLightRightBack"/>
				<reverseLight node="reverseLightHigh1"/>
			</high>
		</realLights>
		<defaultLights>
			<defaultLight shaderNode="backlightStatic" lightTypes="0 3"/>
			<defaultLight shaderNode="frontlightStatic" lightTypes="0 3"/>
		</defaultLights>
		<turnLights>
			<turnLightLeft shaderNode="turnlightLeftStatic"/>
			<turnLightLeft shaderNode="setaluzesq"/>
			<turnLightRight shaderNode="turnlightRightStatic"/>
			<turnLightRight shaderNode="setaluzdir"/>
		</turnLights>
		<brakeLights>
			<brakeLight shaderNode="backlightStatic"/>
		</brakeLights>
		<reverseLights>
			<reverseLight shaderNode="reverseLightStatic"/>
		</reverseLights>
		<dashboards>
			<dashboard displayType="EMITTER" valueType="lightState" node="panelGlowing_decal" intensity="0.2" lightTypes="0" groups="MOTOR_ACTIVE"/>
		</dashboards>
	</lights>
	<enterable isTabbable="true">
		<enterReferenceNode node="exitPoint"/>
		<exitPoint node="exitPoint"/>
		<cameras>
			<camera node="outdoorCamera1" rotatable="true" rotateNode="outdoorCameraTarget" limit="true" useWorldXZRotation="true" rotMinX="-1.4" rotMaxX="1" transMin="2.8" transMax="40" translation="0 0 3.3" rotation="-25 180 0">
				<raycastNode node="cameraRaycastNode1"/>
				<raycastNode node="cameraRaycastNode2"/>
				<raycastNode node="cameraRaycastNode3"/>
			</camera>
			<camera node="indoorCamera1" rotatable="true" limit="true" rotMinX="-1.1" rotMaxX="0.8" transMin="0" transMax="0" useMirror="true" isInside="true" shadowFocusBox="shadowFocusBox"/>
		</cameras>
		<characterNode node="playerSkin" cameraMinDistance="0.5" spineRotation="-90 0 90">
			<target ikChain="rightFoot" targetNode="player_rightFoot"/>
			<target ikChain="leftFoot" targetNode="player_leftFoot"/>
			<target ikChain="rightArm" targetNode="player_rightHand" poseId="wideFingers"/>
			<target ikChain="leftArm" targetNode="player_leftHand" poseId="wideFingers"/>
		</characterNode>
		<enterAnimation name="enterAnimation"/>
		<mirrors>
			<mirror node="interiorMirror_static" prio="1"/>
		</mirrors>
	</enterable>
	<motorized>
		<consumerConfigurations>
			<consumerConfiguration>
				<consumer fillUnitIndex="1" usage="26" fillType="diesel"/>
				<!-- usage is per hour at max load and max rpm -->
			</consumerConfiguration>
		</consumerConfigurations>
		<differentialConfigurations>
			<differentialConfiguration>
				<differentials>
					<differential torqueRatio="0.5" maxSpeedRatio="3.6" wheelIndex1="1" wheelIndex2="2"/>
					<!-- front left-right -->
					<differential torqueRatio="0.5" maxSpeedRatio="2.3" wheelIndex1="3" wheelIndex2="4"/>
					<!-- back left-right -->
					<differential torqueRatio="0.5" maxSpeedRatio="1.5" differentialIndex1="1" differentialIndex2="2"/>
					<!-- front-back -->
				</differentials>
			</differentialConfiguration>
		</differentialConfigurations>
		<motorConfigurations>
			<motorConfiguration hp="84" price="0">
				<motor torqueScale="0.288" minRpm="850" maxRpm="2400" maxForwardSpeed="20" maxBackwardSpeed="12" brakeForce="0.6" lowBrakeForceScale="0.22">
					<torque normRpm="0.45" torque="0.9"/>
					<torque normRpm="0.5" torque="0.97"/>
					<torque normRpm="0.59" torque="1"/>
					<torque normRpm="0.72" torque="1"/>
					<torque normRpm="0.86" torque="0.88"/>
					<torque normRpm="1" torque="0.87"/>
				</motor>
				<transmission minForwardGearRatio="45.3" maxForwardGearRatio="300" minBackwardGearRatio="84" maxBackwardGearRatio="250" name="$l10n_info_transmission_cvt"/>
			</motorConfiguration>
		</motorConfigurations>
		<exhaustEffects>
			<exhaustEffect node="exhaustParticle1" filename="$data/effects/exhaust/exhaust.i3d" minRpmColor="0.9 0.9 0.9 0.1" maxRpmColor="0.9 0.9 0.9 0.4" minRpmScale="0.05" maxRpmScale="0.5"/>
		</exhaustEffects>
		<motorStartDuration>3500</motorStartDuration>
		<dashboards>
			<dashboard displayType="ANIMATION" valueType="motorTemperature" animName="loadingBarTemperature" minValueAnim="20" maxValueAnim="120" groups="MOTOR_ACTIVE"/>
			<dashboard displayType="ROT" valueType="speedDir" node="joystickLeftRot" minRot="0 0 8" maxRot="0 0 -8" groups="MOTOR_ACTIVE"/>
			<dashboard displayType="MULTI_STATE" valueType="ignitionState" node="keyIgnition" doInterpolation="true" groups="MOTOR_ACTIVE">
				<state value="0" rotation="0 0 0"/>
				<state value="1" rotation="0 0 -95"/>
				<state value="2" rotation="0 0 -60"/>
				</dashboard>
			</dashboards>
	</motorized>
	<fillUnit>
		<fillUnitConfigurations>
			<fillUnitConfiguration>
				<fillUnits>
					<fillUnit unitTextOverride="$l10n_unit_literShort" showOnHud="false" showInShop="false" fillTypes="diesel" capacity="74">
						<dashboard displayType="ANIMATION" valueType="fillLevel" animName="loadingBarFuel" groups="MOTOR_ACTIVE"/>
					</fillUnit>
				</fillUnits>
			</fillUnitConfiguration>
		</fillUnitConfigurations>
	</fillUnit>
	<drivable>
		<steeringWheel node="joystickLeft" indoorRotation="10" outdoorRotation="10"/>
	</drivable>
	<attacherJoints comboDuration="2">
		<attacherJoint node="attacherJointDummy" jointType="skidSteer" nodeVisual="attacherJoint" allowsJointLimitMovement="false" allowsLowering="false" rotLimitSpring="7500 7500 7500" rotLimitDamping="5 5 5" transLimitSpring="7500 7500 7500" transLimitDamping="5 5 5">
			<schema position="1 0" rotation="0" invertX="true"/>
		</attacherJoint>
	</attacherJoints>
	<wipers>
	    <wiper animName="wiperFrontAnimation">
            <state animSpeed="0.75" animPause="2.0"/>
            <state animSpeed="0.75" animPause="0.0"/>
            <state animSpeed="1.10" animPause="0.0"/>
        </wiper>
		<wiper animName="wiperBackAnimation">
			<state animSpeed="1.0" animPause="2.0"/>
		</wiper>
	</wipers>
	<connectionHoses>
		<target attacherJointIndices="1" type="hydraulicIn" node="hydraulic01_in" straighteningFactor="1.5"/>
		<target attacherJointIndices="1" type="hydraulicOut" node="hydraulic01_out" straighteningFactor="1.5"/>
		<target attacherJointIndices="1" type="hydraulicIn" node="hydraulic02_in" straighteningFactor="1.5"/>
	</connectionHoses>
	<animations>
	    <animation name="wiperFrontAnimation">
            <part node="wiperArm01" startTime="0" endTime="0.3" startRot="0 0 0" endRot="0 0 30"/>
            <part node="wiperArm01" startTime="0.3" endTime="0.6" startRot="0 0 30" endRot="0 -10 60"/>
	
            <sound template="wiper1" startTime="0" endTime="0.8" direction="1" volumeScale="1" pitchScale="0.8" fadeOut="0.1" linkNode="wiperArm01"/>
            <sound template="wiper2" startTime="0" endTime="0.8" direction="-1" volumeScale="1" pitchScale="0.8" fadeOut="0.1" linkNode="wiperArm01"/>
        </animation>
		<animation name="wiperBackAnimation">
			<part node="wiperBack" startTime="0" endTime="1.15" startRot="0 0 0" endRot="0 0 -160"/>
			<sound template="wiper1" startTime="0" endTime="1.15" direction="1" volumeScale="0.7" pitchScale="0.7" fadeOut="0.1" linkNode="wiperBack"/>
			<sound template="wiper2" startTime="0" endTime="1.15" direction="-1" volumeScale="0.7" pitchScale="0.7" fadeOut="0.1" linkNode="wiperBack"/>
		</animation>
		<animation name="boneAnimation">
			<part node="arm02BoneAnim" startTime="0" endTime="1" startTrans="0 0.437 0.152" endTrans="0 0.18 0.213"/>
			<part node="arm02BoneAnim" startTime="0" endTime="1" startRot="0 0 0" endRot="76.201 0 0"/>
		</animation>
		<animation name="enterAnimation">
			<part node="safetyBar" startTime="0" endTime="0.01" endRot="0 0 0" startRot="-62 0 0"/>
			<part node="porta" startTime="0" endTime="0.2" endRot="0 -10 0" startRot="0 0 0"/>
			<part node="porta" startTime="0.2" endTime="0.4" endRot="0 0 0" startRot="0 -10 0"/>
		</animation>
		<animation name="loadingBarTemperature">
			<part node="tempDecal" startTime="0.0" endTime="1.0" startScale="1 1 0" endScale="1 1 1"/>
		</animation>
		<animation name="loadingBarFuel">
			<part node="fuelDecal" startTime="0.0" endTime="1.0" startScale="1 1 0" endScale="1 1 1"/>
		</animation>
		<animation name="skyWin">
			<part node="teto" startTime="0.0" endTime="1.0"  startRot="0 0 0" endRot="-162 0 0"/>
		</animation>
	</animations>
	<cylindered>
		<movingTools>
			<movingTool node="arm01Dummy" delayedNode="arm01" playSound="false">
				<controls axis="AXIS_FRONTLOADER_ARM" invertAxis="false" mouseSpeedFactor="0.25" iconName="CRANE_ARM2_ROTATE_X"/>
				<attacherJoint jointIndices="1"/>
				<rotation rotSpeed="20" rotAcceleration="150" rotMax="66" rotMin="0"/>
				<dependentMovingTool node="arm02Dummy" speedScale="-1"/>
				<dependentPart node="attacherDummyRot"/>
				<dependentMovingTool node="attacherDummy" minRotLimits="-45 0" maxRotLimits="95 120"/>
			</movingTool>
			<movingTool node="arm01">
				<dependentPart node="arm01Hydraulic"/>
				<dependentPart node="arm03"/>
				<dependentPart node="attacherRot"/>
			</movingTool>
			<movingTool node="arm02Dummy" delayedNode="arm02">
				<rotation rotSpeed="33.33" rotAcceleration="250" rotMax="0" rotMin="-110"/>
				<dependentAnimation name="boneAnimation" rotationAxis="1" minValue="-110" maxValue="0" invert="true"/>
				<attacherJoint jointIndices="1"/>
				<dependentPart node="attacherDummyRot"/>
			</movingTool>
			<movingTool node="arm02">
				<dependentPart node="arm01Hydraulic"/>
				<dependentPart node="arm03"/>
				<dependentPart node="attacherRot"/>
			</movingTool>
			<movingTool node="attacherDummy" delayedNode="attacher" playSound="false">
				<controls axis="AXIS_FRONTLOADER_TOOL" invertAxis="true" mouseSpeedFactor="0.25" iconName="CRANE_ARM2_ROTATE_TOOL"/>
				<attacherJoint jointIndices="1"/>
				<rotation rotSpeed="50" rotAcceleration="300" rotMax="120" rotMin="0"/>
				<dependentPart node="attacherHydraulic"/>
			</movingTool>
			<movingTool node="attacher">
				<dependentPart node="attacherHydraulic"/>
			</movingTool>
			<movingTool node="teto">
				<controls axis="AXIS_CRANE_TOOL3" invertAxis="false" mouseSpeedFactor="0.8" iconName="TOP_DOOR_ROTATE" />
				<animation animSpeed="0.7" animAcceleration="200" animName="skyWin" />
			</movingTool>
		</movingTools>
		<movingParts>
			<movingPart node="arm01Hydraulic" referencePoint="arm01HydraulicRef" referenceFrame="arm01HydraulicRef">
				<translatingPart node="arm01HydraulicPunch"/>
			</movingPart>
			<movingPart node="attacherHydraulic" referencePoint="attacherHydraulicRef" referenceFrame="attacherHydraulicRef">
				<translatingPart node="attacherHydraulicPunch"/>
			</movingPart>
			<movingPart node="arm03" referencePoint="arm03Ref" referenceFrame="arm03Ref" scaleZ="true"/>
			<movingPart node="wiperArm02" referencePoint="wiperArm02Ref" referenceFrame="wiperArm02Ref" isActiveDirty="true" maxUpdateDistance="40"/>
			<movingPart node="wiper" referenceFrame="l218_main_component1" isActiveDirty="true" maxUpdateDistance="40"/>
			<movingPart node="attacherDummyRot" referenceFrame="l218_main_component1">
				<attacherJoint jointIndices="1"/>
			</movingPart>
			<movingPart node="attacherRot" referenceFrame="l218_main_component1">
				<dependentPart node="attacherHydraulic"/>
			</movingPart>
			<movingPart node="teto" referenceFrame="l218_main_component1"></movingPart>
		</movingParts>
		<sounds>
			<actionSound template="hydraulicLayerTone2" pitchScale="1.5" volumeScale="1.2" linkNode="arm01Hydraulic" actionNames="TRANSLATING_POS TRANSLATING_NEG" nodes="arm01Hydraulic" fadeIn="0.1" fadeOut="0.05"/>
			<actionSound template="hydraulicLayerTone" pitchScale="0.7" volumeScale="1.2" linkNode="arm01Hydraulic" actionNames="TRANSLATING_POS" nodes="arm01Hydraulic" fadeIn="0.1" fadeOut="0.05"/>
			<actionSound template="hydraulicLayerTone2" pitchScale="2.5" volumeScale="0.4" linkNode="attacherHydraulic" actionNames="TRANSLATING_POS TRANSLATING_NEG" nodes="attacherHydraulic" fadeIn="0.1" fadeOut="0.05"/>
			<actionSound template="defaultHydraulicSound" pitchScale="1.1" volumeScale="0.8" linkNode="attacherHydraulic" actionNames="TRANSLATING_POS TRANSLATING_NEG" nodes="attacherHydraulic" fadeIn="0.1" fadeOut="0.05"/>
			<actionSound template="metalLowVar2" pitchScale="1.0" volumeScale="3" linkNode="arm01Dummy" actionNames="TOOL_MOVE_END_NEG_LIMIT" nodes="arm01Dummy"/>
			<actionSound template="cylinderPunch" pitchScale="1.5" volumeScale="0.4" linkNode="arm01Dummy" actionNames="TOOL_MOVE_END_NEG_LIMIT" nodes="arm01Dummy"/>
			<actionSound template="metalClose" pitchScale="2.5" volumeScale="0.2" linkNode="arm01Dummy" actionNames="TOOL_MOVE_END_NEG_LIMIT" nodes="arm01Dummy"/>
			<actionSound template="clackVar6" pitchScale="1.0" volumeScale="1.0" linkNode="arm01Dummy" actionNames="TOOL_MOVE_END_NEG_LIMIT" nodes="arm01Dummy"/>
			<actionSound template="metalLowVar2" pitchScale="1.3" volumeScale="2.0" linkNode="arm01Dummy" actionNames="TOOL_MOVE_END_POS_LIMIT" nodes="arm01Dummy"/>
			<actionSound template="cylinderPunch" pitchScale="1.8" volumeScale="0.2" linkNode="arm01Dummy" actionNames="TOOL_MOVE_END_POS_LIMIT" nodes="arm01Dummy"/>
			<actionSound template="metalClose" pitchScale="2.8" volumeScale="0.1" linkNode="arm01Dummy" actionNames="TOOL_MOVE_END_POS_LIMIT" nodes="arm01Dummy"/>
			<actionSound template="clackVar6" pitchScale="1.8" volumeScale="0.5" linkNode="arm01Dummy" actionNames="TOOL_MOVE_END_POS_LIMIT" nodes="arm01Dummy"/>
		</sounds>
		<dashboards>
			<dashboard displayType="ROT" valueType="movingTool" node="joystickRight" rotAxis="1" minRot="5" maxRot="-5" axis="AXIS_FRONTLOADER_ARM" doInterpolation="true" />
			<dashboard displayType="ROT" valueType="movingTool" node="joystickRight" rotAxis="3" minRot="-5" maxRot="5" axis="AXIS_FRONTLOADER_TOOL" doInterpolation="true" />
		</dashboards>
	</cylindered>
	<dashboard>
		<groups>
			<group name="MOTOR_STARTING" isMotorStarting="true"/>
			<group name="MOTOR_ACTIVE" isMotorStarting="true" isMotorRunning="true"/>
		</groups>
		<default>
			<dashboard displayType="EMITTER" node="panelGlowing_decal1" idleValue="-1" intensity="0.2" groups="MOTOR_ACTIVE"/>
			<dashboard displayType="VISIBILITY" node="fuelDecal" groups="MOTOR_ACTIVE"/>
			<dashboard displayType="VISIBILITY" node="exhaustDecal" groups="MOTOR_ACTIVE"/>
			<dashboard displayType="VISIBILITY" node="tempDecal" groups="MOTOR_ACTIVE"/>
		</default>
	</dashboard>
	<ai>
		<agent width="1.75" length="2.8" height="2.02" lengthOffset="-0.45" frontOffset="0.245"/>
	</ai>
	<foliageBending>
		<bendingNode minX="-0.9" maxX="0.9" minZ="-1.9" maxZ="0.95" yOffset="0.2"/>
	</foliageBending>
	<baseMaterial>
		<material name="l218Exterior_mat" baseNode="l218_vis">
			<shaderParameter name="colorMat0" value="NEWHOLLAND_YELLOW1"/>
		</material>
		<material name="l218Exterior_mat1" baseNode="l218_vis">
			<shaderParameter name="colorMat1" value="NEWHOLLAND_YELLOW1"/>
		</material>
		<material name="l218int" baseNode="l218_int">
			<shaderParameter name="colorMat1" value="NEWHOLLAND_YELLOW1"/>
		</material>
		<material name="l218mao_mat1" baseNode="mao">
			<shaderParameter name="colorMat1" value="NEWHOLLAND_YELLOW1"/>
		</material>
		<material name="portabase" baseNode="porta">
            <shaderParameter name="colorMat1" value="NEWHOLLAND_YELLOW1"/>
		</material>
	</baseMaterial>
	<baseMaterialConfigurations price="500" useDefaultColors="false">
		<!-- Branco -->
		<baseMaterialConfiguration name="$l10n_BrancoPadrao" color="1 1 1"  material="16" price="500"/>
		<baseMaterialConfiguration name="$l10n_Fosco" color="1 1 1"  material="1" price="500"/>
		<baseMaterialConfiguration name="$l10n_Polido" color="1 1 1"  material="32" price="500"/>
		<baseMaterialConfiguration name="$l10n_PeroladoLeve" color="1 1 1"  material="40" price="500"/>
		<baseMaterialConfiguration name="$l10n_Perolado" color="1 1 1"  material="33" price="500"/>
		<baseMaterialConfiguration name="$l10n_MetalFosco" color="1 1 1"  material="27" price="500"/>
		<baseMaterialConfiguration name="$l10n_Metal" color="1 1 1"  material="3" price="500"/>
		<baseMaterialConfiguration name="$l10n_MetalPolido" color="1 1 1"  material="2" price="500"/>
		<!-- Bege -->
		<baseMaterialConfiguration name="$l10n_BegePadrao" color="0.81 0.8 0.55"  material="16" price="500"/>
		<baseMaterialConfiguration name="$l10n_Fosco" color="0.81 0.8 0.55"  material="1" price="500"/>
		<baseMaterialConfiguration name="$l10n_Polido" color="0.81 0.8 0.55"  material="32" price="500"/>
		<baseMaterialConfiguration name="$l10n_PeroladoLeve" color="0.81 0.8 0.55"  material="40" price="500"/>
		<baseMaterialConfiguration name="$l10n_Perolado" color="0.81 0.8 0.55"  material="33" price="500"/>
		<baseMaterialConfiguration name="$l10n_MetalFosco" color="0.81 0.8 0.55"  material="27" price="500"/>
		<baseMaterialConfiguration name="$l10n_Metal" color="0.81 0.8 0.55"  material="3" price="500"/>
		<baseMaterialConfiguration name="$l10n_MetalPolido" color="0.81 0.8 0.55"  material="2" price="500"/>
		<!-- Cinza -->
		<baseMaterialConfiguration name="$l10n_CinzaPadrao" color="0.2 0.2 0.2"  material="16" price="500"/>
		<baseMaterialConfiguration name="$l10n_Fosco" color="0.2 0.2 0.2"  material="1" price="500"/>
		<baseMaterialConfiguration name="$l10n_Polido" color="0.2 0.2 0.2"  material="32" price="500"/>
		<baseMaterialConfiguration name="$l10n_PeroladoLeve" color="0.2 0.2 0.2"  material="40" price="500"/>
		<baseMaterialConfiguration name="$l10n_Perolado" color="0.2 0.2 0.2"  material="33" price="500"/>
		<baseMaterialConfiguration name="$l10n_MetalFosco" color="0.2 0.2 0.2"  material="27" price="500"/>
		<baseMaterialConfiguration name="$l10n_Metal" color="0.2 0.2 0.2"  material="3" price="500"/>
		<baseMaterialConfiguration name="$l10n_MetalPolido" color="0.2 0.2 0.2"  material="2" price="500"/>
		<!-- Preto -->
		<baseMaterialConfiguration name="$l10n_PretoPadrao" color="0.02 0.02 0.02"  material="16" price="500"/>
		<baseMaterialConfiguration name="$l10n_Fosco" color="0.02 0.02 0.02"  material="1" price="500"/>
		<baseMaterialConfiguration name="$l10n_Polido" color="0.02 0.02 0.02"  material="32" price="500"/>
		<baseMaterialConfiguration name="$l10n_PeroladoLeve" color="0.02 0.02 0.02"  material="40" price="500"/>
		<baseMaterialConfiguration name="$l10n_Perolado" color="0.02 0.02 0.02"  material="33" price="500"/>
		<baseMaterialConfiguration name="$l10n_MetalFosco" color="0.02 0.02 0.02"  material="27" price="500"/>
		<baseMaterialConfiguration name="$l10n_Metal" color="0.02 0.02 0.02"  material="3" price="500"/>
		<baseMaterialConfiguration name="$l10n_MetalPolido" color="0.02 0.02 0.02"  material="2" price="500"/>
		<!-- Vinho -->
		<baseMaterialConfiguration name="$l10n_VinhoPadrao" color="0.09 0 0"  material="16" price="500"/>
		<baseMaterialConfiguration name="$l10n_Fosco" color="0.09 0 0"  material="1" price="500"/>
		<baseMaterialConfiguration name="$l10n_Polido" color="0.09 0 0"  material="32" price="500"/>
		<baseMaterialConfiguration name="$l10n_PeroladoLeve" color="0.09 0 0"  material="40" price="500"/>
		<baseMaterialConfiguration name="$l10n_Perolado" color="0.09 0 0"  material="33" price="500"/>
		<baseMaterialConfiguration name="$l10n_MetalFosco" color="0.09 0 0"  material="27" price="500"/>
		<baseMaterialConfiguration name="$l10n_Metal" color="0.09 0 0"  material="3" price="500"/>
		<baseMaterialConfiguration name="$l10n_MetalPolido" color="0.09 0 0"  material="2" price="500"/>
		<!-- Vermelho -->
		<baseMaterialConfiguration name="$l10n_VermelhoPadrao" color="CASEIH_RED1"  material="16" price="500"/>
		<baseMaterialConfiguration name="$l10n_Fosco" color="CASEIH_RED1"  material="1" price="500"/>
		<baseMaterialConfiguration name="$l10n_Polido" color="CASEIH_RED1"  material="32" price="500"/>
		<baseMaterialConfiguration name="$l10n_PeroladoLeve" color="CASEIH_RED1"  material="40" price="500"/>
		<baseMaterialConfiguration name="$l10n_Perolado" color="CASEIH_RED1"  material="33" price="500"/>
		<baseMaterialConfiguration name="$l10n_MetalFosco" color="CASEIH_RED1"  material="27" price="500"/>
		<baseMaterialConfiguration name="$l10n_Metal" color="CASEIH_RED1"  material="3" price="500"/>
		<baseMaterialConfiguration name="$l10n_MetalPolido" color="CASEIH_RED1"  material="2" price="500"/>
		<!-- Laranja -->
		<baseMaterialConfiguration name="$l10n_LaranjaPadrao" color="STARA_ORANGE"  material="16" price="500"/>
		<baseMaterialConfiguration name="$l10n_Fosco" color="STARA_ORANGE"  material="1" price="500"/>
		<baseMaterialConfiguration name="$l10n_Polido" color="STARA_ORANGE"  material="32" price="500"/>
		<baseMaterialConfiguration name="$l10n_PeroladoLeve" color="STARA_ORANGE"  material="40" price="500"/>
		<baseMaterialConfiguration name="$l10n_Perolado" color="STARA_ORANGE"  material="33" price="500"/>
		<baseMaterialConfiguration name="$l10n_MetalFosco" color="STARA_ORANGE"  material="27" price="500"/>
		<baseMaterialConfiguration name="$l10n_Metal" color="STARA_ORANGE"  material="3" price="500"/>
		<baseMaterialConfiguration name="$l10n_MetalPolido" color="STARA_ORANGE"  material="2" price="500"/>
		<!-- Amarelo -->
		<baseMaterialConfiguration name="$l10n_AmareloPadrao" color="NEWHOLLAND_YELLOW1"  material="16" price="500"/>
		<baseMaterialConfiguration name="$l10n_Fosco" color="NEWHOLLAND_YELLOW1"  material="1" price="500"/>
		<baseMaterialConfiguration name="$l10n_Polido" color="NEWHOLLAND_YELLOW1"  material="32" price="500"/>
		<baseMaterialConfiguration name="$l10n_PeroladoLeve" color="NEWHOLLAND_YELLOW1"  material="40" isDefault="true"/>
		<baseMaterialConfiguration name="$l10n_Perolado" color="NEWHOLLAND_YELLOW1"  material="33" price="500"/>/>
		<baseMaterialConfiguration name="$l10n_MetalFosco" color="NEWHOLLAND_YELLOW1"  material="27" price="500"/>
		<baseMaterialConfiguration name="$l10n_Metal" color="NEWHOLLAND_YELLOW1"  material="3" price="500"/>
		<baseMaterialConfiguration name="$l10n_MetalPolido" color="NEWHOLLAND_YELLOW1"  material="2" price="500"/>
		<!-- Verde -->
		<baseMaterialConfiguration name="$l10n_VerdePadrao" color="JOHNDEERE_GREEN1"  material="16" price="500"/>
		<baseMaterialConfiguration name="$l10n_Fosco" color="JOHNDEERE_GREEN1"  material="1" price="500"/>
		<baseMaterialConfiguration name="$l10n_Polido" color="JOHNDEERE_GREEN1"  material="32" price="500"/>
		<baseMaterialConfiguration name="$l10n_PeroladoLeve" color="JOHNDEERE_GREEN1"  material="40" price="500"/>
		<baseMaterialConfiguration name="$l10n_Perolado" color="JOHNDEERE_GREEN1"  material="33" price="500"/>
		<baseMaterialConfiguration name="$l10n_MetalFosco" color="JOHNDEERE_GREEN1"  material="27" price="500"/>
		<baseMaterialConfiguration name="$l10n_Metal" color="JOHNDEERE_GREEN1"  material="3" price="500"/>
		<baseMaterialConfiguration name="$l10n_MetalPolido" color="JOHNDEERE_GREEN1"  material="2" price="500"/>
		<!-- Verde Claro -->
		<baseMaterialConfiguration name="$l10n_VerdeClaroPadrao" color="0.0152 0.3112 0.0582"  material="16" price="500"/>
		<baseMaterialConfiguration name="$l10n_Fosco" color="0.0152 0.3112 0.0582"  material="1" price="500"/>
		<baseMaterialConfiguration name="$l10n_Polido" color="0.0152 0.3112 0.0582"  material="32" price="500"/>
		<baseMaterialConfiguration name="$l10n_PeroladoLeve" color="0.0152 0.3112 0.0582"  material="40" price="500"/>
		<baseMaterialConfiguration name="$l10n_Perolado" color="0.0152 0.3112 0.0582"  material="33" price="500"/>
		<baseMaterialConfiguration name="$l10n_MetalFosco" color="0.0152 0.3112 0.0582"  material="27" price="500"/>
		<baseMaterialConfiguration name="$l10n_Metal" color="0.0152 0.3112 0.0582"  material="3" price="500"/>
		<baseMaterialConfiguration name="$l10n_MetalPolido" color="0.0152 0.3112 0.0582"  material="2" price="500"/>
		<!-- Verde Royal -->
		<baseMaterialConfiguration name="$l10n_VerdeRoyalPadrao" color="0 0.17 0.09"  material="16" price="500"/>
		<baseMaterialConfiguration name="$l10n_Fosco" color="0 0.17 0.09"  material="1" price="500"/>
		<baseMaterialConfiguration name="$l10n_Polido" color="0 0.17 0.092"  material="32" price="500"/>
		<baseMaterialConfiguration name="$l10n_PeroladoLeve" color="0 0.17 0.09"  material="40" price="500"/>
		<baseMaterialConfiguration name="$l10n_Perolado" color="0 0.17 0.09"  material="33" price="500"/>
		<baseMaterialConfiguration name="$l10n_MetalFosco" color="0 0.17 0.09"  material="27" price="500"/>
		<baseMaterialConfiguration name="$l10n_Metal" color="0 0.17 0.09"  material="3" price="500"/>
		<baseMaterialConfiguration name="$l10n_MetalPolido" color="0 0.17 0.09"  material="2" price="500"/>
		<!-- Azul Claro	 -->
		<baseMaterialConfiguration name="$l10n_AzulClaroPadrao" color="0.000 0.750 0.750"  material="16" price="500"/>
		<baseMaterialConfiguration name="$l10n_Fosco" color="0.000 0.750 0.750"  material="1" price="500"/>
		<baseMaterialConfiguration name="$l10n_Polido" color="0.000 0.750 0.750"  material="32" price="500"/>
		<baseMaterialConfiguration name="$l10n_PeroladoLeve" color="0.000 0.750 0.750"  material="40" price="500"/>
		<baseMaterialConfiguration name="$l10n_Perolado" color="0.000 0.750 0.750"  material="33" price="500"/>
		<baseMaterialConfiguration name="$l10n_MetalFosco" color="0.000 0.750 0.750"  material="27" price="500"/>
		<baseMaterialConfiguration name="$l10n_Metal" color="0.000 0.750 0.750"  material="3" price="500"/>
		<baseMaterialConfiguration name="$l10n_MetalPolido" color="0.000 0.750 0.750"  material="2" price="500"/>
		<!-- Azul	 -->
		<baseMaterialConfiguration name="$l10n_AzulPadrao" color="NEWHOLLAND_BLUE1"  material="16" price="500"/>
		<baseMaterialConfiguration name="$l10n_Fosco" color="NEWHOLLAND_BLUE1"  material="1" price="500"/>
		<baseMaterialConfiguration name="$l10n_Polido" color="NEWHOLLAND_BLUE1"  material="32" price="500"/>
		<baseMaterialConfiguration name="$l10n_PeroladoLeve" color="NEWHOLLAND_BLUE1"  material="40" price="500"/>
		<baseMaterialConfiguration name="$l10n_Perolado" color="NEWHOLLAND_BLUE1"  material="33" price="500"/>
		<baseMaterialConfiguration name="$l10n_MetalFosco" color="NEWHOLLAND_BLUE1"  material="27" price="500"/>
		<baseMaterialConfiguration name="$l10n_Metal" color="NEWHOLLAND_BLUE1"  material="3" price="500"/>
		<baseMaterialConfiguration name="$l10n_MetalPolido" color="NEWHOLLAND_BLUE1"  material="2" price="500"/>
		<!-- Azul Escuro-->
		<baseMaterialConfiguration name="$l10n_AzulEscuroPadrao" color="0.015 0.025 0.087"  material="16" price="500"/>
		<baseMaterialConfiguration name="$l10n_Fosco" color="0.015 0.025 0.087"  material="1" price="500"/>
		<baseMaterialConfiguration name="$l10n_Polido" color="0.015 0.025 0.087"  material="32" price="500"/>
		<baseMaterialConfiguration name="$l10n_PeroladoLeve" color="0.015 0.025 0.087"  material="40" price="500"/>
		<baseMaterialConfiguration name="$l10n_Perolado" color="0.015 0.025 0.087"  material="33" price="500"/>
		<baseMaterialConfiguration name="$l10n_MetalFosco" color="0.015 0.025 0.087"  material="27" price="500"/>
		<baseMaterialConfiguration name="$l10n_Metal" color="0.015 0.025 0.087"  material="3" price="500"/>
		<baseMaterialConfiguration name="$l10n_MetalPolido" color="0.015 0.025 0.087"  material="2" price="500"/>
		<!-- Roxo -->
		<baseMaterialConfiguration name="$l10n_RoxoPadrao" color="0.13 0.03 1"  material="16" price="500"/>
		<baseMaterialConfiguration name="$l10n_Fosco" color="0.13 0.03 1"  material="1" price="500"/>
		<baseMaterialConfiguration name="$l10n_Polido" color="0.13 0.03 1"  material="32" price="500"/>
		<baseMaterialConfiguration name="$l10n_PeroladoLeve" color="0.13 0.03 1"  material="40" price="500"/>
		<baseMaterialConfiguration name="$l10n_Perolado" color="0.13 0.03 1"  material="33" price="500"/>
		<baseMaterialConfiguration name="$l10n_MetalFosco" color="0.13 0.03 1"  material="27" price="500"/>
		<baseMaterialConfiguration name="$l10n_Metal" color="0.13 0.03 1"  material="3" price="500"/>
		<baseMaterialConfiguration name="$l10n_MetalPolido" color="0.13 0.03 1"  material="2" price="500"/>
		<!-- Rosa -->
		<baseMaterialConfiguration name="$l10n_RosaPadrao" color="0.880 0.00 0.565"  material="16" price="500"/>
		<baseMaterialConfiguration name="$l10n_Fosco" color="0.880 0.00 0.565"  material="1" price="500"/>
		<baseMaterialConfiguration name="$l10n_Polido" color="0.880 0.00 0.565"  material="32" price="500"/>
		<baseMaterialConfiguration name="$l10n_PeroladoLeve" color="0.880 0.00 0.565"  material="40" price="500"/>
		<baseMaterialConfiguration name="$l10n_Perolado" color="0.880 0.00 0.565"  material="33" price="500"/>
		<baseMaterialConfiguration name="$l10n_MetalFosco" color="0.880 0.00 0.565"  material="27" price="500"/>
		<baseMaterialConfiguration name="$l10n_Metal" color="0.880 0.00 0.565"  material="3" price="500"/>
		<baseMaterialConfiguration name="$l10n_MetalPolido" color="0.880 0.00 0.565"  material="2" price="500"/>
		<material name="l218Exterior_mat" shaderParameter="colorMat0"/>
		<material name="l218int" shaderParameter="colorMat1"/>
	</baseMaterialConfigurations>
	<designMaterialConfigurations price="500"  useDefaultColors="false" defaultColorIndex="8">
		<!-- Branco -->
		<designMaterialConfiguration name="$l10n_BrancoPadrao" color="1 1 1"  material="16" price="500"/>
		<designMaterialConfiguration name="$l10n_Fosco" color="1 1 1"  material="1" price="500"/>
		<designMaterialConfiguration name="$l10n_Polido" color="1 1 1"  material="32" price="500"/>
		<designMaterialConfiguration name="$l10n_PeroladoLeve" color="1 1 1"  material="40" price="500"/>
		<designMaterialConfiguration name="$l10n_Perolado" color="1 1 1"  material="33" price="500"/>
		<designMaterialConfiguration name="$l10n_MetalFosco" color="1 1 1"  material="27" price="500"/>
		<designMaterialConfiguration name="$l10n_Metal" color="1 1 1"  material="3" price="500"/>
		<designMaterialConfiguration name="$l10n_MetalPolido" color="1 1 1"  material="2" price="500"/>
		<!-- Bege -->
		<designMaterialConfiguration name="$l10n_BegePadrao" color="0.81 0.8 0.55"  material="16" price="500"/>
		<designMaterialConfiguration name="$l10n_Fosco" color="0.81 0.8 0.55"  material="1" price="500"/>
		<designMaterialConfiguration name="$l10n_Polido" color="0.81 0.8 0.55"  material="32" price="500"/>
		<designMaterialConfiguration name="$l10n_PeroladoLeve" color="0.81 0.8 0.55"  material="40" price="500"/>
		<designMaterialConfiguration name="$l10n_Perolado" color="0.81 0.8 0.55"  material="33" price="500"/>
		<designMaterialConfiguration name="$l10n_MetalFosco" color="0.81 0.8 0.55"  material="27" price="500"/>
		<designMaterialConfiguration name="$l10n_Metal" color="0.81 0.8 0.55"  material="3" price="500"/>
		<designMaterialConfiguration name="$l10n_MetalPolido" color="0.81 0.8 0.55"  material="2" price="500"/>
		<!-- Cinza -->
		<designMaterialConfiguration name="$l10n_CinzaPadrao" color="0.2 0.2 0.2"  material="16" price="500"/>
		<designMaterialConfiguration name="$l10n_Fosco" color="0.2 0.2 0.2"  material="1" price="500"/>
		<designMaterialConfiguration name="$l10n_Polido" color="0.2 0.2 0.2"  material="32" price="500"/>
		<designMaterialConfiguration name="$l10n_PeroladoLeve" color="0.2 0.2 0.2"  material="40" price="500"/>
		<designMaterialConfiguration name="$l10n_Perolado" color="0.2 0.2 0.2"  material="33" price="500"/>
		<designMaterialConfiguration name="$l10n_MetalFosco" color="0.2 0.2 0.2"  material="27" price="500"/>
		<designMaterialConfiguration name="$l10n_Metal" color="0.2 0.2 0.2"  material="3" price="500"/>
		<designMaterialConfiguration name="$l10n_MetalPolido" color="0.2 0.2 0.2"  material="2" price="500"/>
		<!-- Preto -->
		<designMaterialConfiguration name="$l10n_PretoPadrao" color="0.02 0.02 0.02"  material="16" isDefault="true"/>
		<designMaterialConfiguration name="$l10n_Fosco" color="0.02 0.02 0.02"  material="1" price="500"/>
		<designMaterialConfiguration name="$l10n_Polido" color="0.02 0.02 0.02"  material="32" price="500"/>
		<designMaterialConfiguration name="$l10n_PeroladoLeve" color="0.02 0.02 0.02"  material="40" price="500"/>
		<designMaterialConfiguration name="$l10n_Perolado" color="0.02 0.02 0.02"  material="33" price="500"/>
		<designMaterialConfiguration name="$l10n_MetalFosco" color="0.02 0.02 0.02"  material="27" price="500"/>
		<designMaterialConfiguration name="$l10n_Metal" color="0.02 0.02 0.02"  material="3" price="500"/>
		<designMaterialConfiguration name="$l10n_MetalPolido" color="0.02 0.02 0.02"  material="2" price="500"/>
		<!-- Vinho -->
		<designMaterialConfiguration name="$l10n_VinhoPadrao" color="0.09 0 0"  material="16" price="500"/>
		<designMaterialConfiguration name="$l10n_Fosco" color="0.09 0 0"  material="1" price="500"/>
		<designMaterialConfiguration name="$l10n_Polido" color="0.09 0 0"  material="32" price="500"/>
		<designMaterialConfiguration name="$l10n_PeroladoLeve" color="0.09 0 0"  material="40" price="500"/>
		<designMaterialConfiguration name="$l10n_Perolado" color="0.09 0 0"  material="33" price="500"/>
		<designMaterialConfiguration name="$l10n_MetalFosco" color="0.09 0 0"  material="27" price="500"/>
		<designMaterialConfiguration name="$l10n_Metal" color="0.09 0 0"  material="3" price="500"/>
		<designMaterialConfiguration name="$l10n_MetalPolido" color="0.09 0 0"  material="2" price="500"/>
		<!-- Vermelho -->
		<designMaterialConfiguration name="$l10n_VermelhoPadrao" color="CASEIH_RED1"  material="16" price="500"/>
		<designMaterialConfiguration name="$l10n_Fosco" color="CASEIH_RED1"  material="1" price="500"/>
		<designMaterialConfiguration name="$l10n_Polido" color="CASEIH_RED1"  material="32" price="500"/>
		<designMaterialConfiguration name="$l10n_PeroladoLeve" color="CASEIH_RED1"  material="40" price="500"/>
		<designMaterialConfiguration name="$l10n_Perolado" color="CASEIH_RED1"  material="33" price="500"/>
		<designMaterialConfiguration name="$l10n_MetalFosco" color="CASEIH_RED1"  material="27" price="500"/>
		<designMaterialConfiguration name="$l10n_Metal" color="CASEIH_RED1"  material="3" price="500"/>
		<designMaterialConfiguration name="$l10n_MetalPolido" color="CASEIH_RED1"  material="2" price="500"/>
		<!-- Laranja -->
		<designMaterialConfiguration name="$l10n_LaranjaPadrao" color="STARA_ORANGE"  material="16" price="500"/>
		<designMaterialConfiguration name="$l10n_Fosco" color="STARA_ORANGE"  material="1" price="500"/>
		<designMaterialConfiguration name="$l10n_Polido" color="STARA_ORANGE"  material="32" price="500"/>
		<designMaterialConfiguration name="$l10n_PeroladoLeve" color="STARA_ORANGE"  material="40" price="500"/>
		<designMaterialConfiguration name="$l10n_Perolado" color="STARA_ORANGE"  material="33" price="500"/>
		<designMaterialConfiguration name="$l10n_MetalFosco" color="STARA_ORANGE"  material="27" price="500"/>
		<designMaterialConfiguration name="$l10n_Metal" color="STARA_ORANGE"  material="3" price="500"/>
		<designMaterialConfiguration name="$l10n_MetalPolido" color="STARA_ORANGE"  material="2" price="500"/>
		<!-- Amarelo -->
		<designMaterialConfiguration name="$l10n_AmareloPadrao" color="NEWHOLLAND_YELLOW1"  material="16" price="500"/>
		<designMaterialConfiguration name="$l10n_Fosco" color="NEWHOLLAND_YELLOW1"  material="1" price="500"/>
		<designMaterialConfiguration name="$l10n_Polido" color="NEWHOLLAND_YELLOW1"  material="32" price="500"/>
		<designMaterialConfiguration name="$l10n_PeroladoLeve" color="NEWHOLLAND_YELLOW1"  material="40" price="500"/>
		<designMaterialConfiguration name="$l10n_Perolado" color="NEWHOLLAND_YELLOW1"  material="33" price="500"/>
		<designMaterialConfiguration name="$l10n_MetalFosco" color="NEWHOLLAND_YELLOW1"  material="27" price="500"/>
		<designMaterialConfiguration name="$l10n_Metal" color="NEWHOLLAND_YELLOW1"  material="3" price="500"/>
		<designMaterialConfiguration name="$l10n_MetalPolido" color="NEWHOLLAND_YELLOW1"  material="2" price="500"/>
		<!-- Verde -->
		<designMaterialConfiguration name="$l10n_VerdePadrao" color="JOHNDEERE_GREEN1"  material="16" price="500"/>
		<designMaterialConfiguration name="$l10n_Fosco" color="JOHNDEERE_GREEN1"  material="1" price="500"/>
		<designMaterialConfiguration name="$l10n_Polido" color="JOHNDEERE_GREEN1"  material="32" price="500"/>
		<designMaterialConfiguration name="$l10n_PeroladoLeve" color="JOHNDEERE_GREEN1"  material="40" price="500"/>
		<designMaterialConfiguration name="$l10n_Perolado" color="JOHNDEERE_GREEN1"  material="33" price="500"/>
		<designMaterialConfiguration name="$l10n_MetalFosco" color="JOHNDEERE_GREEN1"  material="27" price="500"/>
		<designMaterialConfiguration name="$l10n_Metal" color="JOHNDEERE_GREEN1"  material="3" price="500"/>
		<designMaterialConfiguration name="$l10n_MetalPolido" color="JOHNDEERE_GREEN1"  material="2" price="500"/>
		<!-- Verde Claro -->
		<designMaterialConfiguration name="$l10n_VerdeClaroPadrao" color="0.0152 0.3112 0.0582"  material="16" price="500"/>
		<designMaterialConfiguration name="$l10n_Fosco" color="0.0152 0.3112 0.0582"  material="1" price="500"/>
		<designMaterialConfiguration name="$l10n_Polido" color="0.0152 0.3112 0.0582"  material="32" price="500"/>
		<designMaterialConfiguration name="$l10n_PeroladoLeve" color="0.0152 0.3112 0.0582"  material="40" price="500"/>
		<designMaterialConfiguration name="$l10n_Perolado" color="0.0152 0.3112 0.0582"  material="33" price="500"/>
		<designMaterialConfiguration name="$l10n_MetalFosco" color="0.0152 0.3112 0.0582"  material="27" price="500"/>
		<designMaterialConfiguration name="$l10n_Metal" color="0.0152 0.3112 0.0582"  material="3" price="500"/>
		<designMaterialConfiguration name="$l10n_MetalPolido" color="0.0152 0.3112 0.0582"  material="2" price="500"/>
		<!-- Verde Royal -->
		<designMaterialConfiguration name="$l10n_VerdeRoyalPadrao" color="0 0.17 0.09"  material="16" price="500"/>
		<designMaterialConfiguration name="$l10n_Fosco" color="0 0.17 0.09"  material="1" price="500"/>
		<designMaterialConfiguration name="$l10n_Polido" color="0 0.17 0.092"  material="32" price="500"/>
		<designMaterialConfiguration name="$l10n_PeroladoLeve" color="0 0.17 0.09"  material="40" price="500"/>
		<designMaterialConfiguration name="$l10n_Perolado" color="0 0.17 0.09"  material="33" price="500"/>
		<designMaterialConfiguration name="$l10n_MetalFosco" color="0 0.17 0.09"  material="27" price="500"/>
		<designMaterialConfiguration name="$l10n_Metal" color="0 0.17 0.09"  material="3" price="500"/>
		<designMaterialConfiguration name="$l10n_MetalPolido" color="0 0.17 0.09"  material="2" price="500"/>
		<!-- Azul Claro	 -->
		<designMaterialConfiguration name="$l10n_AzulClaroPadrao" color="0.000 0.750 0.750"  material="16" price="500"/>
		<designMaterialConfiguration name="$l10n_Fosco" color="0.000 0.750 0.750"  material="1" price="500"/>
		<designMaterialConfiguration name="$l10n_Polido" color="0.000 0.750 0.750"  material="32" price="500"/>
		<designMaterialConfiguration name="$l10n_PeroladoLeve" color="0.000 0.750 0.750"  material="40" price="500"/>
		<designMaterialConfiguration name="$l10n_Perolado" color="0.000 0.750 0.750"  material="33" price="500"/>
		<designMaterialConfiguration name="$l10n_MetalFosco" color="0.000 0.750 0.750"  material="27" price="500"/>
		<designMaterialConfiguration name="$l10n_Metal" color="0.000 0.750 0.750"  material="3" price="500"/>
		<designMaterialConfiguration name="$l10n_MetalPolido" color="0.000 0.750 0.750"  material="2" price="500"/>
		<!-- Azul	 -->
		<designMaterialConfiguration name="$l10n_AzulPadrao" color="NEWHOLLAND_BLUE1"  material="16" price="500"/>
		<designMaterialConfiguration name="$l10n_Fosco" color="NEWHOLLAND_BLUE1"  material="1" price="500"/>
		<designMaterialConfiguration name="$l10n_Polido" color="NEWHOLLAND_BLUE1"  material="32" price="500"/>
		<designMaterialConfiguration name="$l10n_PeroladoLeve" color="NEWHOLLAND_BLUE1"  material="40" price="500"/>
		<designMaterialConfiguration name="$l10n_Perolado" color="NEWHOLLAND_BLUE1"  material="33" price="500"/>
		<designMaterialConfiguration name="$l10n_MetalFosco" color="NEWHOLLAND_BLUE1"  material="27" price="500"/>
		<designMaterialConfiguration name="$l10n_Metal" color="NEWHOLLAND_BLUE1"  material="3" price="500"/>
		<designMaterialConfiguration name="$l10n_MetalPolido" color="NEWHOLLAND_BLUE1"  material="2" price="500"/>
		<!-- Azul Escuro-->
		<designMaterialConfiguration name="$l10n_AzulEscuroPadrao" color="0.015 0.025 0.087"  material="16" price="500"/>
		<designMaterialConfiguration name="$l10n_Fosco" color="0.015 0.025 0.087"  material="1" price="500"/>
		<designMaterialConfiguration name="$l10n_Polido" color="0.015 0.025 0.087"  material="32" price="500"/>
		<designMaterialConfiguration name="$l10n_PeroladoLeve" color="0.015 0.025 0.087"  material="40" price="500"/>
		<designMaterialConfiguration name="$l10n_Perolado" color="0.015 0.025 0.087"  material="33" price="500"/>
		<designMaterialConfiguration name="$l10n_MetalFosco" color="0.015 0.025 0.087"  material="27" price="500"/>
		<designMaterialConfiguration name="$l10n_Metal" color="0.015 0.025 0.087"  material="3" price="500"/>
		<designMaterialConfiguration name="$l10n_MetalPolido" color="0.015 0.025 0.087"  material="2" price="500"/>
		<!-- Roxo -->
		<designMaterialConfiguration name="$l10n_RoxoPadrao" color="0.13 0.03 1"  material="16" price="500"/>
		<designMaterialConfiguration name="$l10n_Fosco" color="0.13 0.03 1"  material="1" price="500"/>
		<designMaterialConfiguration name="$l10n_Polido" color="0.13 0.03 1"  material="32" price="500"/>
		<designMaterialConfiguration name="$l10n_PeroladoLeve" color="0.13 0.03 1"  material="40" price="500"/>
		<designMaterialConfiguration name="$l10n_Perolado" color="0.13 0.03 1"  material="33" price="500"/>
		<designMaterialConfiguration name="$l10n_MetalFosco" color="0.13 0.03 1"  material="27" price="500"/>
		<designMaterialConfiguration name="$l10n_Metal" color="0.13 0.03 1"  material="3" price="500"/>
		<designMaterialConfiguration name="$l10n_MetalPolido" color="0.13 0.03 1"  material="2" price="500"/>
		<!-- Rosa -->
		<designMaterialConfiguration name="$l10n_RosaPadrao" color="0.880 0.00 0.565"  material="16" price="500"/>
		<designMaterialConfiguration name="$l10n_Fosco" color="0.880 0.00 0.565"  material="1" price="500"/>
		<designMaterialConfiguration name="$l10n_Polido" color="0.880 0.00 0.565"  material="32" price="500"/>
		<designMaterialConfiguration name="$l10n_PeroladoLeve" color="0.880 0.00 0.565"  material="40" price="500"/>
		<designMaterialConfiguration name="$l10n_Perolado" color="0.880 0.00 0.565"  material="33" price="500"/>
		<designMaterialConfiguration name="$l10n_MetalFosco" color="0.880 0.00 0.565"  material="27" price="500"/>
		<designMaterialConfiguration name="$l10n_Metal" color="0.880 0.00 0.565"  material="3" price="500"/>
		<designMaterialConfiguration name="$l10n_MetalPolido" color="0.880 0.00 0.565"  material="2" price="500"/>
		<material name="l218Exterior_mat1" shaderParameter="colorMat1"/>
		<material name="l218mao_mat1" shaderParameter="colorMat1"/>
		<material name="portabase" shaderParameter="colorMat1"/>
	</designMaterialConfigurations>
	<wearable wearDuration="480" workMultiplier="5" fieldMultiplier="2"/>
	<washable dirtDuration="90" washDuration="1" workMultiplier="3" fieldMultiplier="2"/>
	<designConfigurations title="$l10n_Porta_Janela">
        <designConfiguration name="$l10n_configuration_valueDefault">
            <objectChange node="win0" visibilityActive="true" />
            <objectChange node="win1" visibilityActive="False" />
            <objectChange node="win2" visibilityActive="False" />
            <objectChange node="win3" visibilityActive="False" />
            <objectChange node="win4" visibilityActive="False" />
            <objectChange node="win5" visibilityActive="False" />
            <objectChange node="win0p" visibilityActive="true" />
            <objectChange node="win1p" visibilityActive="False" />
            <objectChange node="win2p" visibilityActive="False" />
            <objectChange node="win3p" visibilityActive="False" />
            <objectChange node="win4p" visibilityActive="False" />
            <objectChange node="win5p" visibilityActive="False" />
            <objectChange node="porta" visibilityActive="true" />
            <objectChange node="dobra" visibilityActive="true" />
			
			
			</designConfiguration>
			
        <designConfiguration name="$l10n_Windows_Door1" price="400">
            <objectChange node="win0" visibilityActive="False" />
            <objectChange node="win1" visibilityActive="true" />
            <objectChange node="win2" visibilityActive="False" />
            <objectChange node="win3" visibilityActive="False" />
            <objectChange node="win4" visibilityActive="False" />
            <objectChange node="win5" visibilityActive="False" />
            <objectChange node="win0p" visibilityActive="False" />
            <objectChange node="win1p" visibilityActive="true" />
            <objectChange node="win2p" visibilityActive="False" />
            <objectChange node="win3p" visibilityActive="False" />
            <objectChange node="win4p" visibilityActive="False" />
            <objectChange node="win5p" visibilityActive="False" />
			 <objectChange node="porta" visibilityActive="true" />
			 <objectChange node="dobra" visibilityActive="true" />
        </designConfiguration>
		<designConfiguration name="$l10n_Windows_Door2" price="420">
            <objectChange node="win0" visibilityActive="False" />
            <objectChange node="win1" visibilityActive="False" />
            <objectChange node="win2" visibilityActive="true" />
            <objectChange node="win3" visibilityActive="False" />
            <objectChange node="win4" visibilityActive="False" />
            <objectChange node="win5" visibilityActive="False" />
            <objectChange node="win0p" visibilityActive="False" />
            <objectChange node="win1p" visibilityActive="False" />
            <objectChange node="win2p" visibilityActive="true" />
            <objectChange node="win3p" visibilityActive="False" />
            <objectChange node="win4p" visibilityActive="False" />
            <objectChange node="win5p" visibilityActive="False" />
			 <objectChange node="porta" visibilityActive="true" />
			 <objectChange node="dobra" visibilityActive="true" />
        </designConfiguration>
		
		<designConfiguration name="$l10n_Windows_Door3" price="460">
            <objectChange node="win0" visibilityActive="False" />
            <objectChange node="win1" visibilityActive="False" />
            <objectChange node="win2" visibilityActive="False" />
            <objectChange node="win3" visibilityActive="False" />
            <objectChange node="win4" visibilityActive="true" />
            <objectChange node="win5" visibilityActive="False" />
            <objectChange node="win0p" visibilityActive="False" />
            <objectChange node="win1p" visibilityActive="False" />
            <objectChange node="win2p" visibilityActive="False" />
            <objectChange node="win3p" visibilityActive="False" />
            <objectChange node="win4p" visibilityActive="true" />
            <objectChange node="win5p" visibilityActive="False" />
			 <objectChange node="porta" visibilityActive="true" />
			 <objectChange node="dobra" visibilityActive="true" />
        </designConfiguration>
		<designConfiguration name="$l10n_Windows_Door4" price="480">
            <objectChange node="win0" visibilityActive="False" />
            <objectChange node="win1" visibilityActive="False" />
            <objectChange node="win2" visibilityActive="False" />
            <objectChange node="win3" visibilityActive="False" />
            <objectChange node="win4" visibilityActive="False" />
            <objectChange node="win5" visibilityActive="true" />
            <objectChange node="win0p" visibilityActive="False" />
            <objectChange node="win1p" visibilityActive="False" />
            <objectChange node="win2p" visibilityActive="False" />
            <objectChange node="win3p" visibilityActive="False" />
            <objectChange node="win4p" visibilityActive="False" />
            <objectChange node="win5p" visibilityActive="true" />
			 <objectChange node="porta" visibilityActive="true" />
			 <objectChange node="dobra" visibilityActive="true" />
			 </designConfiguration>
		<designConfiguration name="$l10n_Windows_only_padrao">
            <objectChange node="win0" visibilityActive="true" />
            <objectChange node="win1" visibilityActive="False" />
            <objectChange node="win2" visibilityActive="False" />
            <objectChange node="win3" visibilityActive="False" />
            <objectChange node="win4" visibilityActive="False" />
            <objectChange node="win5" visibilityActive="False" />
            <objectChange node="win0p" visibilityActive="False" />
            <objectChange node="win1p" visibilityActive="False" />
            <objectChange node="win2p" visibilityActive="False" />
            <objectChange node="win3p" visibilityActive="False" />
            <objectChange node="win4p" visibilityActive="False" />
            <objectChange node="win5p" visibilityActive="False" />
            <objectChange node="porta" visibilityActive="False" />
			<objectChange node="dobra" visibilityActive="false" />
			</designConfiguration>
			
        <designConfiguration name="$l10n_Windows_only1" price="300">
            <objectChange node="win0" visibilityActive="False" />
            <objectChange node="win1" visibilityActive="true" />
            <objectChange node="win2" visibilityActive="False" />
            <objectChange node="win3" visibilityActive="False" />
            <objectChange node="win4" visibilityActive="False" />
            <objectChange node="win5" visibilityActive="False" />
            <objectChange node="win0p" visibilityActive="False" />
            <objectChange node="win1p" visibilityActive="False" />
            <objectChange node="win2p" visibilityActive="False" />
            <objectChange node="win3p" visibilityActive="False" />
            <objectChange node="win4p" visibilityActive="False" />
            <objectChange node="win5p" visibilityActive="False" />
			 <objectChange node="porta" visibilityActive="False" />
			 <objectChange node="dobra" visibilityActive="false" />
        </designConfiguration>
		<designConfiguration name="$l10n_Windows_only2" price="320">
            <objectChange node="win0" visibilityActive="False" />
            <objectChange node="win1" visibilityActive="False" />
            <objectChange node="win2" visibilityActive="true" />
            <objectChange node="win3" visibilityActive="False" />
            <objectChange node="win4" visibilityActive="False" />
            <objectChange node="win5" visibilityActive="False" />
            <objectChange node="win0p" visibilityActive="False" />
            <objectChange node="win1p" visibilityActive="False" />
            <objectChange node="win2p" visibilityActive="False" />
            <objectChange node="win3p" visibilityActive="False" />
            <objectChange node="win4p" visibilityActive="False" />
            <objectChange node="win5p" visibilityActive="False" />
			 <objectChange node="porta" visibilityActive="False" />
			 <objectChange node="dobra" visibilityActive="false" />
        </designConfiguration>
		
		<designConfiguration name="$l10n_Windows_only3" price="360">
            <objectChange node="win0" visibilityActive="False" />
            <objectChange node="win1" visibilityActive="False" />
            <objectChange node="win2" visibilityActive="False" />
            <objectChange node="win3" visibilityActive="False" />
            <objectChange node="win4" visibilityActive="true" />
            <objectChange node="win5" visibilityActive="False" />
            <objectChange node="win0p" visibilityActive="False" />
            <objectChange node="win1p" visibilityActive="False" />
            <objectChange node="win2p" visibilityActive="False" />
            <objectChange node="win3p" visibilityActive="False" />
            <objectChange node="win4p" visibilityActive="False" />
            <objectChange node="win5p" visibilityActive="False" />
			 <objectChange node="porta" visibilityActive="False" />
			 <objectChange node="dobra" visibilityActive="false" />
        </designConfiguration>
		<designConfiguration name="$l10n_Windows_only4" price="380">
            <objectChange node="win0" visibilityActive="False" />
            <objectChange node="win1" visibilityActive="False" />
            <objectChange node="win2" visibilityActive="False" />
            <objectChange node="win3" visibilityActive="False" />
            <objectChange node="win4" visibilityActive="False" />
            <objectChange node="win5" visibilityActive="true" />
            <objectChange node="win0p" visibilityActive="False" />
            <objectChange node="win1p" visibilityActive="False" />
            <objectChange node="win2p" visibilityActive="False" />
            <objectChange node="win3p" visibilityActive="False" />
            <objectChange node="win4p" visibilityActive="False" />
            <objectChange node="win5p" visibilityActive="False" />
			 <objectChange node="porta" visibilityActive="False" />
			 <objectChange node="dobra" visibilityActive="false" />
        </designConfiguration>
	 </designConfigurations>
	
	<design2Configurations title="$l10n_Luz_trabalho">
		<design2Configuration name="$l10n_configuration_valueNo" price="0">
			<objectChange node="ocluz" visibilityActive="false"/>
			<objectChange node="ocrealluzall" visibilityActive="false"/>
			<objectChange node="ocsetaluzdir" visibilityActive="false"/>
			<objectChange node="ocsetaluzesq" visibilityActive="false"/>
		</design2Configuration>
		<design2Configuration name="$l10n_configuration_valueYes" price="100"></design2Configuration>
	</design2Configurations>
	<design3Configurations title="$l10n_Beaconlight">
		<design3Configuration name="$l10n_configuration_valueNo" price="0">
			<objectChange node="giroflex" visibilityActive="false"/>
		</design3Configuration>
		<design3Configuration name="$l10n_configuration_valueYes" price="75"></design3Configuration>
	</design3Configurations>
	
	
	<i3dMappings>
		<i3dMapping id="l218_main_component1" node="0>"/>
		<i3dMapping id="wheelFrontLeft" node="0>0|0|0"/>
		<i3dMapping id="wheelFrontRight" node="0>0|0|1"/>
		<i3dMapping id="wheelBackLeft" node="0>0|0|2"/>
		<i3dMapping id="wheelBackRight" node="0>0|0|3"/>
		<i3dMapping id="frontLightLow" node="0>0|1|0"/>
		<i3dMapping id="frontLightHigh" node="0>0|1|1"/>
		<i3dMapping id="backLightsHigh1" node="0>0|1|2"/>
		<i3dMapping id="turnLightLeftBack" node="0>0|1|3"/>
		<i3dMapping id="turnLightRightBack" node="0>0|1|4"/>
		<i3dMapping id="reverseLightHigh1" node="0>0|1|5"/>
		<i3dMapping id="backlightStatic" node="0>0|1|6|0"/>
		<i3dMapping id="turnlightRightStatic" node="0>0|1|6|1"/>
		<i3dMapping id="turnlightLeftStatic" node="0>0|1|6|2"/>
		<i3dMapping id="frontlightStatic" node="0>0|1|6|3"/>
		<i3dMapping id="reverseLightStatic" node="0>0|1|6|4"/>
		<i3dMapping id="outdoorCameraTarget" node="0>0|2|0"/>
		<i3dMapping id="outdoorCamera1" node="0>0|2|0|0"/>
		<i3dMapping id="indoorCamera1" node="0>0|2|1"/>
		<i3dMapping id="cameraRaycastNode1" node="0>0|2|2"/>
		<i3dMapping id="cameraRaycastNode2" node="0>0|2|3"/>
		<i3dMapping id="cameraRaycastNode3" node="0>0|2|4"/>
		<i3dMapping id="shadowFocusBox" node="0>0|2|5"/>
		<i3dMapping id="playerSkin" node="0>0|3|0"/>
		<i3dMapping id="player_rightFoot" node="0>0|3|1"/>
		<i3dMapping id="player_leftFoot" node="0>0|3|2"/>
		<i3dMapping id="arm01Dummy" node="0>0|4|0"/>
		<i3dMapping id="arm02Dummy" node="0>0|4|0|0"/>
		<i3dMapping id="attacherDummyRot" node="0>0|4|0|0|0"/>
		<i3dMapping id="attacherDummy" node="0>0|4|0|0|0|0"/>
		<i3dMapping id="attacherJointDummy" node="0>0|4|0|0|0|0|0"/>
		<i3dMapping id="arm01" node="0>0|4|1"/>
		<i3dMapping id="arm02" node="0>0|4|1|0"/>
		<i3dMapping id="attacherRot" node="0>0|4|1|0|0"/>
		<i3dMapping id="attacher" node="0>0|4|1|0|0|0"/>
		<i3dMapping id="attacherJoint" node="0>0|4|1|0|0|0|0"/>
		<i3dMapping id="attacherHydraulicRef" node="0>0|4|1|0|0|0|1"/>
		<i3dMapping id="attacherHydraulic" node="0>0|4|1|0|1"/>
		<i3dMapping id="attacherHydraulicPunch" node="0>0|4|1|0|1|0"/>
		<i3dMapping id="arm03Ref" node="0>0|4|1|0|2"/>
		<i3dMapping id="arm01HydraulicRef" node="0>0|4|1|0|3"/>
		<i3dMapping id="hydraulic01_in" node="0>0|4|1|0|4|0"/>
		<i3dMapping id="hydraulic01_out" node="0>0|4|1|0|4|1"/>
		<i3dMapping id="hydraulic02_in" node="0>0|4|1|0|4|2"/>
		<i3dMapping id="arm02BoneAnim" node="0>0|4|1|0|8"/>
		<i3dMapping id="arm03" node="0>0|4|2"/>
		<i3dMapping id="safetyBar" node="0>0|4|3|0"/>
		<i3dMapping id="arm01Hydraulic" node="0>0|5|0"/>
		<i3dMapping id="arm01HydraulicPunch" node="0>0|5|0|0"/>
		<i3dMapping id="wiperBack" node="0>0|6|0"/>
		<i3dMapping id="interiorMirror_static" node="0>0|7|0"/>
		<i3dMapping id="joystickRight" node="0>0|8|0"/>
		<i3dMapping id="player_rightHand" node="0>0|8|0|0"/>	
		<i3dMapping id="joystickLeftRot" node="0>0|8|1|0"/>
		<i3dMapping id="joystickLeft" node="0>0|8|1|0|0"/>
		<i3dMapping id="player_leftHand" node="0>0|8|1|0|0|0"/>
		<i3dMapping id="tempDecal" node="0>0|8|2|0"/>
		<i3dMapping id="exhaustDecal" node="0>0|8|3|0"/>
		<i3dMapping id="fuelDecal" node="0>0|8|4|0"/>
		<i3dMapping id="keyIgnition" node="0>0|8|5|0"/>
		<i3dMapping id="exitPoint" node="0>0|9"/>
		<i3dMapping id="exhaustParticle1" node="0>0|10"/>
		<i3dMapping id="panelGlowing_decal" node="0>0|12|8"/>
		<i3dMapping id="panelGlowing_decal1" node="0>0|12|9"/>
		<i3dMapping id="l218_vis" node="0>0|12|10|0"/>
		<i3dMapping id="l218_int" node="0>0|12|11|0"/>
		<i3dMapping id="luzesq" node="0>0|4|1|0|10|0"/>
		<i3dMapping id="luzdir" node="0>0|4|1|0|10|1"/>
		<i3dMapping id="ocluz" node="0>0|4|1|0|10"/>
		<i3dMapping id="giroflex" node="0>0|14"/>
		<i3dMapping id="realluzall" node="0>0|4|1|0|11|0"/>
		<i3dMapping id="ocrealluzall" node="0>0|4|1|0|11"/>
		<i3dMapping id="setaluzesq" node="0>0|4|1|0|12|0"/>
		<i3dMapping id="setaluzdir" node="0>0|4|1|0|13|0"/>
		<i3dMapping id="ocsetaluzesq" node="0>0|4|1|0|12"/>
		<i3dMapping id="ocsetaluzdir" node="0>0|4|1|0|13"/>
		<i3dMapping id="teto" node="0>0|15"/>
		<i3dMapping id="mao" node="0>0|4|1|0|0|0|3"/>
		<i3dMapping id="porta" node="0>0|12|10|0|0|0"/>
		 <i3dMapping id="dobra" node="0>0|12|10|0|0"/>
   	    <i3dMapping id="win0" node="0>0|11"/>
        <i3dMapping id="win1" node="0>0|12|12"/>
        <i3dMapping id="win2" node="0>0|12|13"/>
        <i3dMapping id="win3" node="0>0|12|14"/>
        <i3dMapping id="win4" node="0>0|12|15"/>
        <i3dMapping id="win5" node="0>0|12|16"/>
        
		<i3dMapping id="win0p" node="0>0|12|10|0|0|0|1"/>
        <i3dMapping id="win1p" node="0>0|12|10|0|0|0|2"/>
        <i3dMapping id="win2p" node="0>0|12|10|0|0|0|3"/>
        <i3dMapping id="win3p" node="0>0|12|10|0|0|0|4"/>
        <i3dMapping id="win4p" node="0>0|12|10|0|0|0|5"/>
        <i3dMapping id="win5p" node="0>0|12|10|0|0|0|6"/>
		
		<i3dMapping id="wiperArm01" node="0>0|12|10|0|0|0|7|0"/>
        <i3dMapping id="wiper" node="0>0|12|10|0|0|0|7|0|0|0"/>
        <i3dMapping id="wiperArm02Ref" node="0>0|12|10|0|0|0|7|0|0|0|0"/>
        <i3dMapping id="wiperArm02" node="0>0|12|10|0|0|0|8|0"/>
	</i3dMappings>
</vehicle>
