﻿<?xml version="1.0" encoding="utf-8" standalone="no" ?>
<modDesc descVersion="71">
    <author>VincoMods</author>
    <version>1.0.0.0</version>
    <title>
        <en>Pack Skid Steer Loader New Holland</en>
		<de>New Holland Minilader Paket</de>
		<fr>Ensemble Mini Chargeur New Holland</fr>
    </title>
    
	<description>
        <br><![CDATA[Este pacote de mini carregadeiras New Holland,traz os modelos L330 e C362,Versão top de linha da série L300 e C300.Com melhor distribuição de peso, permite maior elevação de carga, com maior velocidade de trabalho.
Versatilidade, desempenho, conforto e robustez os definem.

L330
Características:
Motor: 84 cv
Velocidade: 20km/h
Peso total: 3765kg
Preço: 55.000 - 57.655 $

Capacidade carga em litros:
Altura média: 1000 L
Altura máxima: 500 L
Capacidade carga em quilo:
Altura média: 1800 kg
Altura máxima: 1000 kg

C362
Características:
Motor: 114 cv
Velocidade: 15km/h
Peso total: 7311kg
Preço: 65.000 - 66.155 $

Capacidade carga em litros:
Altura média: 2500 L
Altura máxima: 2000 L
Capacidade carga em quilo:
Altura média: 3500 kg
Altura máxima: 3200 kg

Adicionais:
Oções de janelas
Opções de porta
Opções de rodas (L330)
Opções de cores
Opções de luzes de trabalho e giroflex]]>
</br>
<en><![CDATA[This package of New Holland skid steers, brings the L330 and C362 models, top of the line version of the L300 and C300 series. With better weight distribution, it allows greater load lifting, with greater working speed.
Versatility, performance, comfort and robustness define them.

L330
Features:
Engine: 84 hp
Speed: 20km/h
Total weight: 3765kg
Price: 55,000 - 57,655 $

Load capacity in liters:
Average height: 1000 L
Max height: 500L
Load capacity in kilograms:
Average height: 1800 kg
Max height: 1000 kg

C362
Features:
Engine: 114 hp
Speed: 15km/h
Total weight: 7311kg
Price: 65,000 - 66,155 $

Load capacity in liters:
Average height: 2500 L
Max height: 2000L
Load capacity in kilograms:
Average height: 3500 kg
Max height: 3200 kg

Additional:
window options
door options
Wheel options (L330)
color options
Work light and gyroflex options]]>
</en>

<de><![CDATA[Dieses Kompaktlader-Paket von New Holland umfasst die Modelle L330 und C362, Spitzenversionen der Serien L300 und C300. Mit besserer Gewichtsverteilung ermöglicht es ein größeres Heben von Lasten und eine höhere Arbeitsgeschwindigkeit.
Vielseitigkeit, Leistung, Komfort und Robustheit definieren sie.

L330
Merkmale:
Motor: 84 PS
Geschwindigkeit: 20 km/h
Gesamtgewicht: 3765 kg
Preis: 55.000 - 57.655 €

Ladekapazität in Liter:
Durchschnittliche Höhe: 1000 L
Maximale Höhe: 500 l
Tragfähigkeit in Kilogramm:
Durchschnittliche Höhe: 1800 kg
Maximale Höhe: 1000 kg

C362
Merkmale:
Motor: 114 PS
Geschwindigkeit: 15 km/h
Gesamtgewicht: 7311 kg
Preis: 65.000 - 66.155 €

Ladekapazität in Liter:
Durchschnittliche Höhe: 2500 L
Maximale Höhe: 2000 l
Tragfähigkeit in Kilogramm:
Durchschnittliche Höhe: 3500 kg
Maximale Höhe: 3200 kg

Zusätzlich:
Fensteroptionen
Port-Optionen
Radoptionen (L330)
Farboptionen
Optionen für Arbeitslicht und Rundumleuchte]]>
</de>
<fr><![CDATA[Cet ensemble de chargeuses compactes New Holland apporte les modèles L330 et C362, version haut de gamme des séries L300 et C300.Avec une meilleure répartition du poids, il permet un plus grand levage de charge, avec une plus grande vitesse de travail.
Polyvalence, performance, confort et robustesse les définissent.

L330
Traits:
Moteur : 84 ch
Vitesse : 20 km/h
Poids total : 3765kg
Prix ​​: 55 000 - 57 655 €

Capacité de charge en litres :
Hauteur moyenne : 1000 L
Hauteur maxi : 500L
Capacité de charge en kilogrammes :
Taille moyenne : 1800 kg
Hauteur maxi : 1000 kg

C362
Traits:
Moteur : 114 ch
Vitesse : 15 km/h
Poids total : 7 311 kg
Prix ​​: 65 000 - 66 155 €

Capacité de charge en litres :
Hauteur moyenne : 2500 L
Hauteur maximale : 2000L
Capacité de charge en kilogrammes :
Taille moyenne : 3500 kg
Hauteur maxi : 3200 kg

Supplémentaire:
options de fenêtre
options de ports
Options de roues (L330)
options de couleur
Options d'éclairage de travail et de gyroflex]]>
</fr>
    </description>
	
	
    <iconFilename>modIcon.dds</iconFilename>
	<multiplayer supported = "true" />
	
	<l10n>
	<text name="Beaconlight">
	<en>Beacon Lights</en>
	<de>Rundumleuchten</de>
	<fr>Gyrophare</fr>
	<br>Giroflex</br>
	</text>
	
	<text name="extralight">
	<en>Extra Light</en>
	<de>Rundumleuchten</de>
	<fr>Lumière Supplémentaire</fr>
	<br>Luz extra</br>
	</text>
	
	<text name="BrancoPadrao">
	<en>Standard White</en>
	<de>Standardweiß</de>
	<fr>Blanc Standard</fr>
	<br>Branco Padrão</br>
	</text>
	
	<text name="BegePadrao">
	<en>Standard Beige</en>
	<de>Standardbeige</de>
	<fr>Beige Standard</fr>
	<br>Bege Padrão</br>
	</text>
	
	<text name="CinzaPadrao">
	<en>Standard Gray</en>
	<de>Standardgrau</de>
	<fr>Gris Standard</fr>
	<br>Cinza Padrão</br>
	</text>
	
	<text name="PretoPadrao">
	<en>Standard Black</en>
	<de>Standard-Schwarz</de>
	<fr>Noir Standard</fr>
	<br>Preto	Padrão</br>
	</text>
	
	<text name="VinhoPadrao">
	<en>Standard Wine</en>
	<de>Standardwein</de>
	<fr>Vin Standard</fr>
	<br>Vinho Padrão</br>
	</text>
	
	<text name="VermelhoPadrao">
	<en>Standard Red</en>
	<de>Standardrot</de>
	<fr>Norme Rouge</fr>
	<br>Vermelho Padrão</br>
	</text>
	
	<text name="LaranjaPadrao">
	<en>Standard Orange</en>
	<de>Standard-Orange</de>
	<fr>Orange standard</fr>
	<br>Laranja Padrão</br>
	</text>
	
	<text name="AmareloPadrao">
	<en>Standard Yellow</en>
	<de>Standard-Gelb</de>
	<fr>Norme Jaune</fr>
	<br>Amarelo Padrão</br>
	</text>
	
	<text name="VerdePadrao">
	<en>Standard Green</en>
	<de>Standard-Grün</de>
	<fr>Vert standard</fr>
	<br>Verde Padrão</br>
	</text>
	
	<text name="VerdeClaroPadrao">
	<en>Standard Light Green</en>
	<de>Standard Hellgrün</de>
	<fr>Vert Clair Standard</fr>
	<br>Verde Claro Padrão</br>
	</text>
	
	<text name="VerdeRoyalPadrao">
	<en>Standard Royal Green</en>
	<de>Standard Königsgrün</de>
	<fr>Standard Vert Royal</fr>
	<br>Verde Royal Padrão</br>
	</text>
	
	<text name="AzulClaroPadrao">
	<en>Standard Light Blue</en>
	<de>Normal Hellblau</de>
	<fr>Bleu Clair standard</fr>
	<br>Azul Claro Padrão</br>
	</text>
	
	<text name="AzulPadrao">
	<en>Standard Blue</en>
	<de>Standardblau</de>
	<fr>Bleu Standard</fr>
	<br>Azul Padrão</br>
	</text>
	
	<text name="AzulEscuroPadrao">
	<en>Standard Dark Blue</en>
	<de>Standard Dunkelblau</de>
	<fr>Bleu Foncé Standard</fr>
	<br>Azul Escuro Padrão</br>
	</text>
	
	<text name="RoxoPadrao">
	<en>Standard Purple</en>
	<de>Standard-Lila</de>
	<fr>Violet Standard</fr>
	<br>Roxo Padrão</br>
	</text>
	
	<text name="RosaPadrao">
	<en>Standard Pink</en>
	<de>Standardrosa</de>
	<fr>Rosier Standard</fr>
	<br>Rosa Padrão</br>
	</text>
	
	<text name="Fosco">
	<en>Matte</en>
	<de>Matt</de>
	<fr>Fosco</fr>
	<br>Fosco</br>
	</text>
	
	<text name="Polido">
	<en>Polished</en>
	<de>Poliert</de>
	<fr>Brillant</fr>
	<br>Polido</br>
	</text>
	
	<text name="PeroladoLeve">
	<en>Light Pearly</en>
	<de>Leicht Perlig</de>
	<fr>Nacré Levé</fr>
	<br>Perolado Leve</br>
	</text>
	
	<text name="Perolado">
	<en>Pearly</en>
	<de>Perlig</de>
	<fr>Nacré</fr>
	<br>Perolado</br>
	</text>
	
	<text name="MetalFosco">
	<en>Matte Metal</en>
	<de>mattes Metall</de>
	<fr>Métal Mat</fr>
	<br>Metal Fosco</br>
	</text>
	
	<text name="Metal">
	<en>Metal</en>
	<de>Metall</de>
	<fr>Métal</fr>
	<br>Metal</br>
	</text>
	
	<text name="MetalPolido">
	<en>Polished Metal</en>
	<de>Poliertes Metall</de>
	<fr>Métal Poli</fr>
	<br>Metal Polido</br>
	</text>
	
	<text name="Porta_Janela">
	<en>Door and Windows</en>
	<de>Tür und Fenster</de>
	<fr>Porte et Fenêtres</fr>
	<br>Porta e Janelas</br>
	</text>
	
	<text name="Windows_Door1">
	<en>Door and Windows Insulfim 1</en>
	<de>Tür und Fenster Insulfim 1</de>
	<fr>Portes et Fenêtres Insulfim 1</fr>
	<br>Porta e Janelas com Insulfim 1</br>
	</text>
	
    <text name="Windows_Door2">
	<en>Door and Windows Insulfim 2</en>
	<de>Tür und Fenster Insulfim 2</de>
	<fr>Portes et Fenêtres Insulfim 2</fr>
	<br>Porta e Janelas com Insulfim 2</br>
	</text>
	
	<text name="Windows_Door3">
	<en>Door and Windows Insulfim 3</en>
	<de>Tür und Fenster Insulfim 3</de>
	<fr>Portes et Fenêtres Insulfim 3</fr>
	<br>Porta e Janelas com Insulfim 3</br>
	</text>
	
    <text name="Windows_Door4">
	<en>Door and Windows Insulfim 4</en>
	<de>Tür und Fenster Insulfim 4</de>
	<fr>Portes et Fenêtres Insulfim 4</fr>
	<br>Porta e Janelas com Insulfim 4</br>
	</text>
	
	<text name="Windows_only_padrao">
	<en>Standard Window only</en>
	<de>Nur Standardfenster</de>
	<fr>Fenêtre standard uniquement</fr>
	<br>Somente Janela Padrão</br>
	</text>
	
	<text name="Windows_only1">
	<en>Window only with insufilm1</en>
	<de>Fenster nur mit insufilm1</de>
	<fr>Fenêtre seule avec insufilm1</fr>
	<br>Somente Janela com insufilm1</br>
	</text>
	
	<text name="Windows_only2">
	<en>Window only with insufilm2</en>
	<de>Fenster nur mit insufilm2</de>
	<fr>Fenêtre seule avec insufilm2</fr>
	<br>Somente Janela com insufilm2</br>
	</text>
	
	<text name="Windows_only3">
	<en>Window only with insufilm3</en>
	<de>Fenster nur mit insufilm3</de>
	<fr>Fenêtre seule avec insufilm3</fr>
	<br>Somente Janela com insufilm3</br>
	</text>
	
	<text name="Windows_only4">
	<en>Window only with insufilm4</en>
	<de>Fenster nur mit insufilm4</de>
	<fr>Fenêtre seule avec insufilm4</fr>
	<br>Somente Janela com insufilm4</br>
	</text>
	
	<text name="Luz_trabalho">
	<en>Work Light</en>
	<de>Arbeitslampe</de>
	<fr>Lampe de travail</fr>
	<br>Luz de Trabalho</br>
	</text>
	
	</l10n>
    <storeItems>
        <storeItem xmlFilename="l330.xml"/>
		<storeItem xmlFilename="c362.xml"/>
    </storeItems>
</modDesc>
