﻿<?xml version="1.0" encoding="utf-8" standalone="no" ?>
<vehicle type="trailer" xmlns:xsi="http://www.w3.org/2001/XMLSchema-instance" xsi:noNamespaceSchemaLocation="../../../../shared/xml/schema/vehicle.xsd">
    <annotation>Copyright (C) GIANTS Software GmbH, All Rights Reserved.</annotation>

    <storeData>
		<name>
			<en>20Ft Gooseneck Trailer</en>
			<de>20ft Schwanenhals Auflieger</de>
		</name>
        <specs>
            <combination filterCategory="trucks" />
            <combination xmlFilename="$data/vehicles/krampe/dolly10L/dolly10L.xml"/>
        </specs>
        <functions>
            <function>$l10n_function_lowLoader</function>
            <function>$l10n_function_semiTrailer</function>
        </functions>
        <image>store/modStore.dds</image>
        <price>8000</price>
        <lifetime>600</lifetime>
        <rotation>0</rotation>
        <brand>LIZARDLOGISTICS</brand>
        <category>lowloaders</category>
        <shopTranslationOffset>0 -0.04 0</shopTranslationOffset>
        <shopRotationOffset>-0.77 0 0</shopRotationOffset>
        <vertexBufferMemoryUsage>1048832</vertexBufferMemoryUsage>
        <indexBufferMemoryUsage>164864</indexBufferMemoryUsage>
        <textureMemoryUsage>6029312</textureMemoryUsage>
        <audioMemoryUsage>0</audioMemoryUsage>
        <instanceVertexBufferMemoryUsage>0</instanceVertexBufferMemoryUsage>
        <instanceIndexBufferMemoryUsage>0</instanceIndexBufferMemoryUsage>
    </storeData>
    
	<base>
        <typeDesc>$l10n_typeDesc_trailer</typeDesc>
        <filename>20ftGooseneckFlatbed.i3d</filename>
        <size width="3" length="12" lengthOffset="0.5"/>
        <components>
            <component centerOfMass="0 0.58 -2" solverIterationCount="30" mass="3881"/>
			<component centerOfMass="0 0 0" solverIterationCount="10" mass="650" />			
			<component centerOfMass="0 0 0" solverIterationCount="10" mass="650" />
			<component centerOfMass="0 -0.2 0" solverIterationCount="10" mass="3" />
			<component centerOfMass="0 -0.2 0" solverIterationCount="10" mass="3" />
			<component centerOfMass="0 -0.2 0" solverIterationCount="10" mass="3" />
			<component centerOfMass="0 -0.2 0" solverIterationCount="10" mass="3" />
			
            <joint component1="1" component2="2" node="component2_joint" rotLimit="5 0 0" transLimit="0 0 0"/>
            <joint component1="1" component2="3" node="component3_joint" rotLimit="5 0 0" transLimit="0 0 0"/>
			<joint component1="1" component2="4" node="mudflap_FL_ref" rotLimit="8 0 0" transLimit="0 0 0" />
			<joint component1="1" component2="5" node="mudflap_FR_ref" rotLimit="8 0 0" transLimit="0 0 0" />
			<joint component1="1" component2="6" node="mudflap_RL_ref" rotLimit="8 0 0" transLimit="0 0 0" />
			<joint component1="1" component2="7" node="mudflap_RR_ref" rotLimit="8 0 0" transLimit="0 0 0" />
        </components>
        <schemaOverlay attacherJointPosition="0 0" name="IMPLEMENT" />
        <mapHotspot type="TRAILER" />
        <sounds volumeFactor="1.7"/>
    </base>
	
	<configurationSets>
        <configurationSet name="$l10n_configuration_valueDefault">
			<configuration name="folding" index="1" />
			<configuration name="fillUnit" index="1" />
			<configuration name="trailer" index="1" />
		</configurationSet>
        <configurationSet name="$l10n_configuration_pallets_AL">
			<configuration name="folding" index="2" />
			<configuration name="fillUnit" index="2" />
			<configuration name="trailer" index="2" />
		</configurationSet>
	</configurationSets>
	
	<designConfigurations>															// FLOOR STYLE
        <designConfiguration name="$l10n_configuration_wood" price="850">
			<objectChange node="wood_panels" visibilityActive="true" visibilityInactive="false" />
		</designConfiguration>
		<designConfiguration name="$l10n_configuration_metal" price="1200">
			<objectChange node="metal_panels" visibilityActive="true" visibilityInactive="false" />
		</designConfiguration>
	</designConfigurations>
	
	<design2Configurations title="$l10n_configuration_mudflaps">					// MUDGUARDS
		<design2Configuration name="$l10n_configuration_valueDefault" price="0">
		</design2Configuration>
		<design2Configuration name="$l10n_configuration_rear" price="800">
			<objectChange node="mudflaps_mount_1" visibilityActive="true" visibilityInactive="false" />
			<objectChange node="mudflap_RL_mesh" visibilityActive="true" visibilityInactive="false" />
			<objectChange node="mudflap_RR_mesh" visibilityActive="true" visibilityInactive="false" />
		</design2Configuration>
		<design2Configuration name="$l10n_configuration_both" price="1200">
			<objectChange node="mudflaps_mount_0" visibilityActive="true" visibilityInactive="false" />
			<objectChange node="mudflap_FL_mesh" visibilityActive="true" visibilityInactive="false" />
			<objectChange node="mudflap_FR_mesh" visibilityActive="true" visibilityInactive="false" />
			<objectChange node="mudflaps_mount_1" visibilityActive="true" visibilityInactive="false" />
			<objectChange node="mudflap_RL_mesh" visibilityActive="true" visibilityInactive="false" />
			<objectChange node="mudflap_RR_mesh" visibilityActive="true" visibilityInactive="false" />
		</design2Configuration>
	</design2Configurations>
	
	<design3Configurations title="$l10n_configuration_decals">
		<design3Configuration name="$l10n_configuration_valueNo" price="0">
		</design3Configuration>
        <design3Configuration name="$l10n_configuration_valueYes" price="100">
			<objectChange node="decals_gn" visibilityActive="true" visibilityInactive="false" />
			<objectChange node="lizard_logo_bp" visibilityActive="true" visibilityInactive="false" />
		</design3Configuration>
	</design3Configurations>
	
    <wheels>
        <wheelConfigurations>
			<wheelConfiguration name="$l10n_configuration_valueDefault" 		price="0" brand="CONTINENTAL" >
                <wheels>
                    <wheel filename="wheels/265_70R19_5.xml" configId="dual" isLeft="true" hasTireTracks="true" >
                        <physics tipOcclusionAreaGroupId="1" restLoad="1.2" repr="wheelFrontLeft" driveNode="wheelFrontLeftDrive" forcePointRatio="0.5" initialCompression="10" suspTravel="0.075" spring="150" damper="80" yOffset="-0.012" />
                        <tire isCareWheel="false"/>
                        <additionalWheel filename="wheels/265_70R19_5.xml" configId="dual" isLeft="true" offset="-0.15" />
                        <innerRim filename="$data/shared/wheels/hubs/hubTrucks.i3d" nodeLeft="7|0" widthAndDiam="15 19" offset="0.16" />
                    </wheel>
                    <wheel filename="wheels/265_70R19_5.xml" configId="dual" isLeft="false" hasTireTracks="true" >
                        <physics tipOcclusionAreaGroupId="1" restLoad="1.2" repr="wheelFrontRight" driveNode="wheelFrontRightDrive" forcePointRatio="0.5" initialCompression="10" suspTravel="0.075" spring="150" damper="80" yOffset="-0.012" />
                        <tire isCareWheel="false"/>
                        <additionalWheel filename="wheels/265_70R19_5.xml" configId="dual" isLeft="false" offset="-0.15" />
                        <innerRim filename="$data/shared/wheels/hubs/hubTrucks.i3d" nodeRight="7|1" widthAndDiam="15 19" offset="0.16" />
                    </wheel>
                    <wheel filename="wheels/265_70R19_5.xml" configId="dual" isLeft="true" >
                        <physics tipOcclusionAreaGroupId="1" restLoad="1.2" repr="wheelMiddleLeft" driveNode="wheelMiddleLeftDrive" forcePointRatio="0.5" initialCompression="10" suspTravel="0.075" spring="150" damper="80" yOffset="0.0065" />
                        <tire isCareWheel="false"/>
                        <additionalWheel filename="wheels/265_70R19_5.xml" configId="dual" isLeft="true" offset="-0.15" />
                        <innerRim filename="$data/shared/wheels/hubs/hubTrucks.i3d" nodeLeft="7|0" widthAndDiam="15 19" offset="0.16" />
                    </wheel>
                    <wheel filename="wheels/265_70R19_5.xml" configId="dual" isLeft="false" >
                        <physics tipOcclusionAreaGroupId="1" restLoad="1.2" repr="wheelMiddleRight" driveNode="wheelMiddleRightDrive" forcePointRatio="0.5" initialCompression="10" suspTravel="0.075" spring="150" damper="80" yOffset="0.0065" />
                        <tire isCareWheel="false"/>
                        <additionalWheel filename="wheels/265_70R19_5.xml" configId="dual" isLeft="false" offset="-0.15" />
                        <innerRim filename="$data/shared/wheels/hubs/hubTrucks.i3d" nodeRight="7|1" widthAndDiam="15 19" offset="0.16" />
                    </wheel>
                </wheels>
            </wheelConfiguration>
			<wheelConfiguration name="$l10n_configuration_valueDefault" 		price="0" brand="CONTINENTAL" >
                <wheels>
                    <wheel filename="wheels/265_70R19_5_HCS.xml" configId="dual" isLeft="true" hasTireTracks="true" >
                        <physics tipOcclusionAreaGroupId="1" restLoad="1.2" repr="wheelFrontLeft" driveNode="wheelFrontLeftDrive"    forcePointRatio="0.5" initialCompression="10" suspTravel="0.075" spring="150" damper="80" yOffset="-0.012" />
                        <tire isCareWheel="false"/>
                        <additionalWheel filename="wheels/265_70R19_5_HCS.xml" configId="dual" isLeft="true" offset="-0.13" />
                        <innerRim filename="$data/shared/wheels/hubs/hubTrucks.i3d" nodeLeft="7|0" widthAndDiam="15 17" offset="0.16" />
                    </wheel>
                    <wheel filename="wheels/265_70R19_5_HCS.xml" configId="dual" isLeft="false" hasTireTracks="true" >
                        <physics tipOcclusionAreaGroupId="1" restLoad="1.2" repr="wheelFrontRight" driveNode="wheelFrontRightDrive"  forcePointRatio="0.5" initialCompression="10" suspTravel="0.075" spring="150" damper="80" yOffset="-0.012" />
                        <tire isCareWheel="false"/>
                        <additionalWheel filename="wheels/265_70R19_5_HCS.xml" configId="dual" isLeft="false" offset="-0.13" />
                        <innerRim filename="$data/shared/wheels/hubs/hubTrucks.i3d" nodeRight="7|1" widthAndDiam="15 17" offset="0.16" />
                    </wheel>
                    <wheel filename="wheels/265_70R19_5_HCS.xml" configId="dual" isLeft="true" >
                        <physics tipOcclusionAreaGroupId="1" restLoad="1.2" repr="wheelMiddleLeft" driveNode="wheelMiddleLeftDrive"   forcePointRatio="0.5" initialCompression="10" suspTravel="0.075" spring="150" damper="80" yOffset="0.0065" />
                        <tire isCareWheel="false"/>
                        <additionalWheel filename="wheels/265_70R19_5_HCS.xml" configId="dual" isLeft="true" offset="-0.13" />
                        <innerRim filename="$data/shared/wheels/hubs/hubTrucks.i3d" nodeLeft="7|0" widthAndDiam="15 17" offset="0.16" />
                    </wheel>
                    <wheel filename="wheels/265_70R19_5_HCS.xml" configId="dual" isLeft="false" >
                        <physics tipOcclusionAreaGroupId="1" restLoad="1.2" repr="wheelMiddleRight" driveNode="wheelMiddleRightDrive" forcePointRatio="0.5" initialCompression="10" suspTravel="0.075" spring="150" damper="80" yOffset="0.0065" />
                        <tire isCareWheel="false"/>
                        <additionalWheel filename="wheels/265_70R19_5_HCS.xml" configId="dual" isLeft="false" offset="-0.13" />
                        <innerRim filename="$data/shared/wheels/hubs/hubTrucks.i3d" nodeRight="7|1" widthAndDiam="15 17" offset="0.16" />
                    </wheel>
                </wheels>
            </wheelConfiguration>
            
			<wheelConfiguration name="$l10n_configuration_valueDefault" 		price="4500" 	brand="NOKIAN">
                <wheels autoRotateBackSpeed="2.2" differentialIndex="2">
                    <wheel filename="wheels/groundking.xml" configId="dual" isLeft="true" hasTireTracks="true" hasParticles="true" >
                        <physics rotSpeed="0"  restLoad="2.3" repr="wheelFrontLeft" driveNode="wheelFrontLeftDrive" 							forcePointRatio="0.5" initialCompression="15" suspTravel="0.08"  spring="135" damper="25" frictionScale="4" />
                        <tire tireTrackAtlasIndex="2" />
						<additionalWheel filename="wheels/groundking.xml" configId="addtire" isLeft="true" offset="0.1"/>
                    </wheel>
                    <wheel filename="wheels/groundking.xml" configId="dual" isLeft="false" hhasTireTracks="true" asParticles="true" >
                        <physics rotSpeed="0"  restLoad="2.3" repr="wheelFrontRight" driveNode="wheelFrontRightDrive"							forcePointRatio="0.5" initialCompression="15" suspTravel="0.08"  spring="135" damper="25" frictionScale="4" />
                        <tire tireTrackAtlasIndex="2" />
						<additionalWheel filename="wheels/groundking.xml" configId="addtire" isLeft="false" offset="0.1"/>
                    </wheel>
                    <wheel filename="wheels/groundking.xml" configId="dual" isLeft="true" hasTireTracks="true" hasParticles="true" >
                        <physics rotSpeed="0" restLoad="1.2" repr="wheelMiddleLeft" driveNode="wheelMiddleLeftDrive" 							forcePointRatio="0.5" initialCompression="15" suspTravel="0.08"  spring="135" damper="25" frictionScale="4" />
                        <tire tireTrackAtlasIndex="2" />
						<additionalWheel filename="wheels/groundking.xml" configId="addtire" isLeft="true" offset="0.1"/>
                    </wheel>
                    <wheel filename="wheels/groundking.xml" configId="dual" isLeft="false" hasTireTracks="true" hasParticles="true" >
                        <physics rotSpeed="0" restLoad="1.2" repr="wheelMiddleRight" driveNode="wheelMiddleRightDrive"							forcePointRatio="0.5" initialCompression="15" suspTravel="0.08"  spring="135" damper="25" frictionScale="4" />
						<tire tireTrackAtlasIndex="2" />                        
						<additionalWheel filename="wheels/groundking.xml" configId="addtire" isLeft="false" offset="0.1"/>
                    </wheel>
                </wheels>
            </wheelConfiguration>
			<wheelConfiguration name="$l10n_configuration_valueWheelBroad" 		price="5500" 	brand="NOKIAN">
                <wheels autoRotateBackSpeed="2.2" differentialIndex="2">
                    <wheel filename="wheels/groundking.xml" configId="supersingle" isLeft="true" hasTireTracks="true" hasParticles="true" >
                        <physics rotSpeed="0"  restLoad="2.3" repr="wheelFrontLeft" driveNode="wheelFrontLeftDrive" 							forcePointRatio="0.5" initialCompression="15" suspTravel="0.08"  spring="135" damper="25" frictionScale="3" />
                    </wheel>
                    <wheel filename="wheels/groundking.xml" configId="supersingle" isLeft="false" hhasTireTracks="true" asParticles="true" >
                        <physics rotSpeed="0"  restLoad="2.3" repr="wheelFrontRight" driveNode="wheelFrontRightDrive"							forcePointRatio="0.5" initialCompression="15" suspTravel="0.08"  spring="135" damper="25" frictionScale="3" />
                    </wheel>
                    <wheel filename="wheels/groundking.xml" configId="supersingle" isLeft="true" hasTireTracks="true" hasParticles="true" >
                        <physics rotSpeed="0" restLoad="1.2" repr="wheelMiddleLeft" driveNode="wheelMiddleLeftDrive" 							forcePointRatio="0.5" initialCompression="15" suspTravel="0.08"  spring="135" damper="25" frictionScale="3" />
                    </wheel>
                    <wheel filename="wheels/groundking.xml" configId="supersingle" isLeft="false" hasTireTracks="true" hasParticles="true" >
                        <physics rotSpeed="0" restLoad="1.2" repr="wheelMiddleRight" driveNode="wheelMiddleRightDrive"							forcePointRatio="0.5" initialCompression="15" suspTravel="0.08"  spring="135" damper="25" frictionScale="3" />
                    </wheel>
                </wheels>
				
				<objectChange node="wheelFrontLeftDrive" 	translationActive="0.15 0 0" translationInactive="0 0 0" />
				<objectChange node="wheelMiddleLeftDrive" 	translationActive="0.15 0 0" translationInactive="0 0 0" />
				<objectChange node="wheelFrontRightDrive" 	translationActive="-0.15 0 0" translationInactive="0 0 0" />
				<objectChange node="wheelMiddleRightDrive" 	translationActive="-0.15 0 0" translationInactive="0 0 0" />
            </wheelConfiguration>
			
			<wheelConfiguration name="$l10n_configuration_valueDefault" 		price="4000" 	brand="VREDESTEIN">
				<wheels autoRotateBackSpeed="2.2" differentialIndex="2">
                    <wheel filename="$data/shared/wheels/tires/vredestein/flotationTrac/480_45R17.xml" isLeft="true" hasParticles="true" >
                        <physics rotSpeed="0"  restLoad="2.3" repr="wheelFrontLeft" driveNode="wheelFrontLeftDrive" linkNode="wheelFrontLeftHub1" forcePointRatio="0.5" initialCompression="15" suspTravel="0.08"  spring="135" damper="25" frictionScale="4" />
                        <tire tireTrackAtlasIndex="2" />
                    </wheel>
                    <wheel filename="$data/shared/wheels/tires/vredestein/flotationTrac/480_45R17.xml" isLeft="false" hasParticles="true" >
                        <physics rotSpeed="0"  restLoad="2.3" repr="wheelFrontRight" driveNode="wheelFrontRightDrive" linkNode="wheelFrontRightHub1" forcePointRatio="0.5" initialCompression="15" suspTravel="0.08"  spring="135" damper="25" frictionScale="4" />
                        <tire tireTrackAtlasIndex="2" />
                    </wheel>
                    <wheel filename="$data/shared/wheels/tires/vredestein/flotationTrac/480_45R17.xml" isLeft="true"  hasTireTracks="true" hasParticles="true" >
                        <physics rotSpeed="0" restLoad="1.2" repr="wheelMiddleLeft" driveNode="wheelMiddleLeftDrive" linkNode="wheelMiddleLeftHub1" forcePointRatio="0.5" initialCompression="15" suspTravel="0.08"  spring="135" damper="25" frictionScale="4" />
                        <tire tireTrackAtlasIndex="2" />
                    </wheel>
                    <wheel filename="$data/shared/wheels/tires/vredestein/flotationTrac/480_45R17.xml" isLeft="false"  hasTireTracks="true" hasParticles="true" >
                        <tire tireTrackAtlasIndex="2" />
                        <physics rotSpeed="0" restLoad="1.2" repr="wheelMiddleRight" driveNode="wheelMiddleRightDrive" linkNode="wheelMiddleRightHub1" forcePointRatio="0.5" initialCompression="15" suspTravel="0.08"  spring="135" damper="25" frictionScale="4" />
                    </wheel>
                </wheels>
				
				<objectChange node="wheelFrontLeftDrive" 	translationActive="0.16 0 0" translationInactive="0 0 0" />
				<objectChange node="wheelMiddleLeftDrive" 	translationActive="0.16 0 0" translationInactive="0 0 0" />
				<objectChange node="wheelFrontRightDrive" 	translationActive="-0.16 0 0" translationInactive="0 0 0" />
				<objectChange node="wheelMiddleRightDrive" 	translationActive="-0.16 0 0" translationInactive="0 0 0" />
								
				<objectChange node="wheelFrontLeftHub1"		visibilityActive="true" 	visibilityInactive="false" />
				<objectChange node="wheelFrontRightHub1"	visibilityActive="true" 	visibilityInactive="false" />
				<objectChange node="wheelMiddleLeftHub1"	visibilityActive="true" 	visibilityInactive="false" />
				<objectChange node="wheelMiddleRightHub1"	visibilityActive="true" 	visibilityInactive="false" />
            </wheelConfiguration>
			<wheelConfiguration name="$l10n_configuration_valueWheelBroad" 		price="5000" 	brand="VREDESTEIN">
                <wheels autoRotateBackSpeed="2.2" differentialIndex="2">
                    <wheel filename="$data/shared/wheels/tires/vredestein/endurion/400_70R18.xml" isLeft="true" hasParticles="true" >
                        <physics rotSpeed="0"  restLoad="2.3" repr="wheelFrontLeft" driveNode="wheelFrontLeftDrive" linkNode="wheelFrontLeftHub1" 	forcePointRatio="0.5" initialCompression="15" suspTravel="0.08"  spring="135" damper="25" frictionScale="4" />
                        <tire tireTrackAtlasIndex="2" />
                    </wheel>
                    <wheel filename="$data/shared/wheels/tires/vredestein/endurion/400_70R18.xml" isLeft="false" hasParticles="true" >
                        <physics rotSpeed="0"  restLoad="2.3" repr="wheelFrontRight" driveNode="wheelFrontRightDrive" linkNode="wheelFrontRightHub1" forcePointRatio="0.5" initialCompression="15" suspTravel="0.08"  spring="135" damper="25" frictionScale="4" />
                        <tire tireTrackAtlasIndex="2" />
                    </wheel>
                    <wheel filename="$data/shared/wheels/tires/vredestein/endurion/400_70R18.xml" isLeft="true" hasTireTracks="true" hasParticles="true" >
                        <physics rotSpeed="0" restLoad="1.2" repr="wheelMiddleLeft" driveNode="wheelMiddleLeftDrive" linkNode="wheelMiddleLeftHub1"  forcePointRatio="0.5" initialCompression="15" suspTravel="0.08"  spring="135" damper="25" frictionScale="4" />
                        <tire tireTrackAtlasIndex="2" />
                    </wheel>
                    <wheel filename="$data/shared/wheels/tires/vredestein/endurion/400_70R18.xml" isLeft="false" hasTireTracks="true" hasParticles="true" >
                        <tire tireTrackAtlasIndex="2" />
                        <physics rotSpeed="0" restLoad="1.2" repr="wheelMiddleRight" driveNode="wheelMiddleRightDrive" linkNode="wheelMiddleRightHub1" forcePointRatio="0.5" initialCompression="15" suspTravel="0.08"  spring="135" damper="25" frictionScale="4" />
                    </wheel>
                </wheels>
				
				<objectChange node="trailer_maincomponent2" 	translationActive="0.887 0.500 -2.172" 	translationInactive="0.887 0.531 -2.172" />
				<objectChange node="component2_joint" 			translationActive="0.887 0.500 -2.172"	translationInactive="0.887 0.531 -2.172" />
				<objectChange node="trailer_maincomponent3" 	translationActive="-0.887 0.500 -2.172" translationInactive="-0.887 0.531 -2.172" />
				<objectChange node="component3_joint" 			translationActive="-0.887 0.500 -2.172" translationInactive="-0.887 0.531 -2.172" />
				
				<objectChange node="wheelFrontLeftDrive" 	translationActive="0.18 0 0" translationInactive="0 0 0" />
				<objectChange node="wheelMiddleLeftDrive" 	translationActive="0.18 0 0" translationInactive="0 0 0" />
				<objectChange node="wheelFrontRightDrive" 	translationActive="-0.18 0 0" translationInactive="0 0 0" />
				<objectChange node="wheelMiddleRightDrive" 	translationActive="-0.18 0 0" translationInactive="0 0 0" />
				
				<objectChange node="wheelFrontLeftHub1"		visibilityActive="true" 	visibilityInactive="false" />
				<objectChange node="wheelFrontRightHub1"	visibilityActive="true" 	visibilityInactive="false" />
				<objectChange node="wheelMiddleLeftHub1"	visibilityActive="true" 	visibilityInactive="false" />
				<objectChange node="wheelMiddleRightHub1"	visibilityActive="true" 	visibilityInactive="false" />
            </wheelConfiguration>
			<wheelConfiguration name="$l10n_configuration_valueWheelBroad" 		price="6000" 	brand="VREDESTEIN">
				<wheels autoRotateBackSpeed="2.2" differentialIndex="2">
                    <wheel filename="$data/shared/wheels/tires/vredestein/traxionVersa/340_80R18.xml" isLeft="true" hasParticles="true" >
                        <physics rotSpeed="0"  restLoad="2.3" repr="wheelFrontLeft" driveNode="wheelFrontLeftDrive" linkNode="wheelFrontLeftHub1" forcePointRatio="0.5" initialCompression="15" suspTravel="0.08"  spring="135" damper="25" frictionScale="4" />
                        <tire tireTrackAtlasIndex="2" />
                    </wheel>
                    <wheel filename="$data/shared/wheels/tires/vredestein/traxionVersa/340_80R18.xml" isLeft="false" hasParticles="true" >
                        <physics rotSpeed="0"  restLoad="2.3" repr="wheelFrontRight" driveNode="wheelFrontRightDrive" linkNode="wheelFrontRightHub1" forcePointRatio="0.5" initialCompression="15" suspTravel="0.08"  spring="135" damper="25" frictionScale="4" />
                        <tire tireTrackAtlasIndex="2" />
                    </wheel>
                    <wheel filename="$data/shared/wheels/tires/vredestein/traxionVersa/340_80R18.xml" isLeft="true" hasTireTracks="true" hasParticles="true" >
                        <physics rotSpeed="0" restLoad="1.2" repr="wheelMiddleLeft" driveNode="wheelMiddleLeftDrive" linkNode="wheelMiddleLeftHub1" forcePointRatio="0.5" initialCompression="15" suspTravel="0.08"  spring="135" damper="25" frictionScale="4" />
                        <tire tireTrackAtlasIndex="2" />
                    </wheel>
                    <wheel filename="$data/shared/wheels/tires/vredestein/traxionVersa/340_80R18.xml" isLeft="false" hasTireTracks="true" hasParticles="true" >
                        <tire tireTrackAtlasIndex="2" />
                        <physics rotSpeed="0" restLoad="1.2" repr="wheelMiddleRight" driveNode="wheelMiddleRightDrive" linkNode="wheelMiddleRightHub1" forcePointRatio="0.5" initialCompression="15" suspTravel="0.08"  spring="135" damper="25" frictionScale="4" />
                    </wheel>
                </wheels>
				
				<!-- <objectChange node="wheelFrontLeft" 	translationActive="0.887 0.431 -1.659" translationInactive="0.887 0.531 -1.659" />
				<objectChange node="wheelMiddleLeft" 	translationActive="0.887 0.431 -2.686" translationInactive="0.887 0.531 -2.686" />
				<objectChange node="wheelFrontRight" 	translationActive="-0.887 0.431 -1.659" translationInactive="-0.887 0.531 -1.659" />
				<objectChange node="wheelMiddleRight" 	translationActive="-0.887 0.431 -2.686" translationInactive="-0.887 0.531 -2.686" />
				 -->
				<objectChange node="wheelFrontLeftDrive" 	translationActive="0.18 0 0" translationInactive="0 0 0" />
				<objectChange node="wheelMiddleLeftDrive" 	translationActive="0.18 0 0" translationInactive="0 0 0" />
				<objectChange node="wheelFrontRightDrive" 	translationActive="-0.18 0 0" translationInactive="0 0 0" />
				<objectChange node="wheelMiddleRightDrive" 	translationActive="-0.18 0 0" translationInactive="0 0 0" />
				
				<objectChange node="wheelFrontLeftHub1"		visibilityActive="true" 	visibilityInactive="false" />
				<objectChange node="wheelFrontRightHub1"	visibilityActive="true" 	visibilityInactive="false" />
				<objectChange node="wheelMiddleLeftHub1"	visibilityActive="true" 	visibilityInactive="false" />
				<objectChange node="wheelMiddleRightHub1"	visibilityActive="true" 	visibilityInactive="false" />
            </wheelConfiguration>
		</wheelConfigurations>
        <ackermannSteeringConfigurations>
            <ackermannSteering rotSpeed="40" rotMax="45" rotCenterWheel1="3" rotCenterWheel2="4"/>
        </ackermannSteeringConfigurations>
		
		<hubs>
            <color0>0.0152 0.0152 0.0152 1</color0>
            <hub linkNode="wheelFrontLeftHub1"		filename="$data/shared/wheels/hubs/hub_n10_2.xml"     isLeft="true"  scale="0.285 0.285 0.285" />
            <hub linkNode="wheelFrontRightHub1"		filename="$data/shared/wheels/hubs/hub_n10_2.xml"     isLeft="false" scale="0.285 0.285 0.285" />
            <hub linkNode="wheelMiddleLeftHub1"		filename="$data/shared/wheels/hubs/hub_n10_2.xml"     isLeft="true"  scale="0.285 0.285 0.285" />
            <hub linkNode="wheelMiddleRightHub1"	filename="$data/shared/wheels/hubs/hub_n10_2.xml"     isLeft="false" scale="0.285 0.285 0.285" />
        </hubs>
		
    </wheels>
    
	<dynamicallyLoadedParts>
        <dynamicallyLoadedPart node="1|1" linkNode="electric_connector" filename="$data/shared/connectionHoses/connectors.i3d" />
        <dynamicallyLoadedPart node="0" linkNode="chockSupport01" filename="$data/shared/assets/wheelChocks/wheelChockSupport01.i3d"/>
        <dynamicallyLoadedPart node="0" linkNode="chockSupport02" filename="$data/shared/assets/wheelChocks/wheelChockSupport01.i3d"/>
		<dynamicallyLoadedPart node="0" linkNode="extinguisher" filename="$data/shared/assets/extinguisher.i3d"/>
    </dynamicallyLoadedParts>
    
	<attachable>
		<inputAttacherJointConfigurations>
			<inputAttacherJointConfiguration name="$l10n_configuration_gooseneck" price="0">
                <inputAttacherJoint node="gooseneckAttacherJoint" jointType="semitrailer" upperRotationOffset="0"/>
				<inputAttacherJoint node="gooseneckAttacherJoint" jointType="semitrailerCar" />
				
				<objectChange node="attacher_gooseneck" visibilityActive="true" visibilityInactive="false" />
				
				<objectChange node="col_bp1" compoundChildActive="false"/>
				<objectChange node="col_bp2" compoundChildActive="false"/>
            </inputAttacherJointConfiguration>
			<inputAttacherJointConfiguration name="$l10n_configuration_bumperpull" price="-250">
				<inputAttacherJoint node="bumperpullAttacherJoint" jointType="trailer" upperRotationOffset="0"/>
                <inputAttacherJoint node="bumperpullAttacherJoint" jointType="trailerLow" upperRotationOffset="0"/>
				
				<objectChange node="attacher_bumperpull" visibilityActive="true" visibilityInactive="false" />
				
				<objectChange node="col_gn1" compoundChildActive="false"/>
				<objectChange node="col_gn2" compoundChildActive="false"/>
            </inputAttacherJointConfiguration>
        </inputAttacherJointConfigurations>
		
		<support animationName="moveSupport"/>
        <brakeForce force="0.65"/>
    </attachable>
    
	<connectionHoses>
        <hose inputAttacherJointIndices="1 2" type="electric" node="electric" length="0.3" diameter="0.008" straighteningFactor="2.0" isTwoPointHose="true">
            <objectChange node="electric_detached" visibilityActive="false" visibilityInactive="true"/>
        </hose>
		<hose inputAttacherJointIndices="3 4" type="electric"  node="electric_bp" length="0.3" diameter="0.008" straighteningFactor="0.5" isTwoPointHose="true" outgoingAdapter="DEFAULT" socket="electric"/>
    </connectionHoses>
	
	<lights>
        <sharedLight linkNode="frontLightCone_01_1" filename="$data/shared/assets/lights/lizard/frontLight02.xml"/>
        <sharedLight linkNode="frontLightCone_01_2" filename="$data/shared/assets/lights/lizard/frontLight02.xml"/>
		
        <sharedLight linkNode="sideMarker_03_left" 	filename="$data/shared/assets/lights/lizard/turnLight_01_left.xml"/>
        <sharedLight linkNode="sideMarker_03_right" filename="$data/shared/assets/lights/lizard/turnLight_01_right.xml"/>
		
		<sharedLight linkNode="sideMarker11Orange_0" 	filename="$data/shared/assets/lights/lizard/sideMarker11Orange.xml"/>
		<sharedLight linkNode="sideMarker11Orange_1" 	filename="$data/shared/assets/lights/lizard/sideMarker11Orange.xml"/>
		<sharedLight linkNode="sideMarker11Orange_2" 	filename="$data/shared/assets/lights/lizard/sideMarker11Orange.xml"/>
		<sharedLight linkNode="sideMarker11Orange_3" 	filename="$data/shared/assets/lights/lizard/sideMarker11Orange.xml"/>
		<sharedLight linkNode="sideMarker11Orange_4" 	filename="$data/shared/assets/lights/lizard/sideMarker11Orange.xml"/>
		<sharedLight linkNode="sideMarker11Orange_5" 	filename="$data/shared/assets/lights/lizard/sideMarker11Orange.xml"/>
		<sharedLight linkNode="sideMarker11Orange_6" 	filename="$data/shared/assets/lights/lizard/sideMarker11Orange.xml"/>
		<sharedLight linkNode="sideMarker11Orange_7" 	filename="$data/shared/assets/lights/lizard/sideMarker11Orange.xml"/>
		<sharedLight linkNode="sideMarker11Orange_8" 	filename="$data/shared/assets/lights/lizard/sideMarker11Orange.xml"/>
		<sharedLight linkNode="sideMarker11Orange_9" 	filename="$data/shared/assets/lights/lizard/sideMarker11Orange.xml"/>
		<sharedLight linkNode="sideMarker11Orange_10" 	filename="$data/shared/assets/lights/lizard/sideMarker11Orange.xml"/>
		<sharedLight linkNode="sideMarker11Orange_11" 	filename="$data/shared/assets/lights/lizard/sideMarker11Orange.xml"/>
		<sharedLight linkNode="sideMarker11Orange_12" 	filename="$data/shared/assets/lights/lizard/sideMarker11Orange.xml"/>
		<sharedLight linkNode="sideMarker11Orange_13" 	filename="$data/shared/assets/lights/lizard/sideMarker11Orange.xml"/>
		<sharedLight linkNode="sideMarker11Orange_14" 	filename="$data/shared/assets/lights/lizard/sideMarker11Orange.xml"/>
		<sharedLight linkNode="sideMarker11Orange_15" 	filename="$data/shared/assets/lights/lizard/sideMarker11Orange.xml"/>
		<sharedLight linkNode="sideMarker11Orange_16" 	filename="$data/shared/assets/lights/lizard/sideMarker11Orange.xml"/>
		<sharedLight linkNode="sideMarker11Orange_17" 	filename="$data/shared/assets/lights/lizard/sideMarker11Orange.xml"/>
		
		<sharedLight linkNode="rearLightOvalLEDRed_01_L" 	filename="$data/shared/assets/lights/lizard/rearLight23Red.xml"/>
		<sharedLight linkNode="rearLightOvalLEDRed_01_R" 	filename="$data/shared/assets/lights/lizard/rearLight23Red.xml"/>
		<sharedLight linkNode="rearLightOvalLEDWhite_01_L" 	filename="locals/rearLightOvalLEDWhite_01.xml"/>
		<sharedLight linkNode="rearLightOvalLEDWhite_01_R" 	filename="locals/rearLightOvalLEDWhite_01.xml"/>
		
        <realLights>
			<low>
                <light node="backLightsHigh" lightTypes="0"/>
                <turnLightLeft node="turnLightLeftBack"/>
                <turnLightRight node="turnLightRightBack"/>
                <brakeLight node="backLightsHigh"/>
                <reverseLight node="reverseLight"/>
            </low>
            <high>
                <light node="backLightsHigh" lightTypes="0"/>
                <light node="frontMarkerWhite" lightTypes="0"/>
                <turnLightLeft node="turnLightLeftBack"/>
                <turnLightRight node="turnLightRightBack"/>
                <brakeLight node="backLightsHigh"/>
                <reverseLight node="reverseLight"/>
            </high>
        </realLights>
    </lights>
	
    <animations>
        <animation name="moveSupport">
            <part node="landing_gear_rot" 		startTime="0" endTime="1" startScale="1 1 1" endScale="1.25 1 1"/>
            <part node="landing_gear_lever_rot" startTime="0" endTime="1" startTrans="0.831 0.655 0.098" endTrans="1.137 0.655 0.098"/>
            <part node="landing_gear_lever" 	startTime="1.01" endTime="2" startRot="-1.841 -34.505 -73.182" endRot="0 0 0"/>
			
            <part node="landing_gear_lever" 	startTime="2.01" endTime="3" startRot="0 0 0" endRot="720 0 0"/>
			<part node="landing_legs" 			startTime="2.00" endTime="3" startTrans="0 -0.137 0.11" endTrans="0 -0.665 0.11"/>
			<!-- 
			<part node="landing_gear_lever" 	startTime="2.01" endTime="2.1" startRot="0 0 0" endRot="-1.841 -34.505 -73.182"/>
            <part node="landing_gear_lever_rot" startTime="2.01" endTime="3" startTrans="1.137 0.655 0.098" endTrans="0.831 0.655 0.098"/>
            <part node="landing_gear_rot" 		startTime="2.01" endTime="3" startScale="1.25 1 1" endScale="1 1 1"/>
             -->
			<sound template="clackVar6"             startTime="0.01" direction="-1" volumeScale="1.4" pitchScale="0.8" linkNode="gooseneckAttacherJoint"/>
            <sound template="clackVar1"             startTime="0.8"  direction="1"  volumeScale="2.5" pitchScale="0.8" linkNode="gooseneckAttacherJoint"/>
			
			<sound template="clackVar6"             startTime="1.01" direction="-1" volumeScale="1.4" pitchScale="0.8" linkNode="gooseneckAttacherJoint"/>
            <sound template="clackVar1"             startTime="1.8"  direction="1"  volumeScale="2.5" pitchScale="0.8" linkNode="gooseneckAttacherJoint"/>
            <sound template="defaultHydraulicSound" startTime="1.01" endTime="1.99" volumeScale="2.5" pitchScale="0.8" linkNode="gooseneckAttacherJoint"/>
			
			<sound template="clackVar6"             startTime="1.01" direction="-1" volumeScale="1.4" pitchScale="0.8" linkNode="bumperpullAttacherJoint"/>
            <sound template="clackVar1"             startTime="1.8"  direction="1"  volumeScale="2.5" pitchScale="0.8" linkNode="bumperpullAttacherJoint"/>
            <sound template="defaultHydraulicSound" startTime="1.01" endTime="1.99" volumeScale="2.5" pitchScale="0.8" linkNode="bumperpullAttacherJoint"/>
        </animation>
		<animation name="foldRamps">
            <part node="ramps_hinge" 	startTime="0" endTime="1.5" startRot="0 0 0" endRot="-45 0 0"/>
			<part node="ramps" 			startTime="1" endTime="2.5" startRot="0 0 0" endRot="-135 0 0"/>
			
			<sound template="defaultHydraulicSound" startTime="0.5" endTime="2.5"  volumeScale="1.3" pitchScale="0.4" linkNode="ramps_hinge"/>
            <sound template="hydraulicLayerTone"    startTime="0.5" endTime="2.5"  volumeScale="0.7" pitchScale="0.5" linkNode="ramps_hinge"/>
            <sound template="metalClose"            startTime="0.5"                volumeScale="0.3" pitchScale="2.8" linkNode="ramps_hinge"/>
            <sound template="metalOpen"             startTime="0.5"                volumeScale="0.3" pitchScale="2.8" linkNode="ramps_hinge"/>
            <sound template="sheetImp01"            startTime="2.5" direction="1"  volumeScale="0.7" pitchScale="0.4" linkNode="ramps_hinge"/>
            <sound template="sheetImp02"            startTime="2.5" direction="1"  volumeScale="1.3" pitchScale="0.8" linkNode="ramps_hinge"/>
            <sound template="sheetImp02"            startTime="2.5" direction="-1" volumeScale="1.3" pitchScale="0.7" linkNode="ramps_hinge"/>
            <sound template="clackVar6"             startTime="0.5" direction="-1" volumeScale="1.3" pitchScale="0.7" linkNode="ramps_hinge"/>
            <sound template="sheetImp02"            startTime="0.5" direction="-1" volumeScale="1.7" pitchScale="0.7" linkNode="ramps_hinge"/>
        </animation>
		
		<animation name="palletBoxFillAnim">
			<part node="euroPalletVis1" startTime="0" endTime="0.001" visibility="FALSE" />
			<part node="euroPalletVis1" startTime="0.001" endTime="2" visibility="TRUE" />
			<part node="euroPalletVis2" startTime="0" endTime="2" visibility="FALSE" />
			<part node="euroPalletVis2" startTime="2" endTime="4" visibility="TRUE" />
			<part node="euroPalletVis3" startTime="0" endTime="4" visibility="FALSE" />
			<part node="euroPalletVis3" startTime="4" endTime="6" visibility="TRUE" />
			<part node="euroPalletVis4" startTime="0" endTime="6" visibility="FALSE" />
			<part node="euroPalletVis4" startTime="6" endTime="8" visibility="TRUE" />
			<part node="euroPalletVis5" startTime="0" endTime="8" visibility="FALSE" />
			<part node="euroPalletVis5" startTime="8" endTime="10" visibility="TRUE" />
			<part node="euroPalletVis6" startTime="0" endTime="10" visibility="FALSE" />
			<part node="euroPalletVis6" startTime="10" endTime="12" visibility="TRUE" />
			<part node="euroPalletVis7" startTime="0" endTime="12" visibility="FALSE" />
			<part node="euroPalletVis7" startTime="12" endTime="14" visibility="TRUE" />
			<part node="euroPalletVis8" startTime="0" endTime="14" visibility="FALSE" />
			<part node="euroPalletVis8" startTime="14" endTime="16" visibility="TRUE" />
			<part node="euroPalletVis9" startTime="0" endTime="16" visibility="FALSE" />
			<part node="euroPalletVis9" startTime="16" endTime="18" visibility="TRUE" />
			<part node="euroPalletVis10" startTime="0" endTime="18" visibility="FALSE" />
			<part node="euroPalletVis10" startTime="18" endTime="20" visibility="TRUE" />
			<part node="euroPalletVis11" startTime="0" endTime="20" visibility="FALSE" />
			<part node="euroPalletVis11" startTime="20" endTime="22" visibility="TRUE" />
			<part node="euroPalletVis12" startTime="0" endTime="22" visibility="FALSE" />
			<part node="euroPalletVis12" startTime="22" endTime="24" visibility="TRUE" />
			<part node="euroPalletVis13" startTime="0" endTime="24" visibility="FALSE" />
			<part node="euroPalletVis13" startTime="24" endTime="26" visibility="TRUE" />
			<part node="euroPalletVis14" startTime="0" endTime="26" visibility="FALSE" />
			<part node="euroPalletVis14" startTime="26" endTime="28" visibility="TRUE" />
			<part node="euroPalletVis15" startTime="0" endTime="28" visibility="FALSE" />
			<part node="euroPalletVis15" startTime="28" endTime="30" visibility="TRUE" />
			<part node="euroPalletVis16" startTime="0" endTime="30" visibility="FALSE" />
			<part node="euroPalletVis16" startTime="30" endTime="32" visibility="TRUE" />
			<part node="euroPalletVis17" startTime="0" endTime="32" visibility="FALSE" />
			<part node="euroPalletVis17" startTime="32" endTime="34" visibility="TRUE" />
			<part node="euroPalletVis18" startTime="0" endTime="34" visibility="FALSE" />
			<part node="euroPalletVis18" startTime="34" endTime="36" visibility="TRUE" />
			
			<part node="GroupName_0" 	startTime="0"	 	endTime="0.01" 		startScale="1 0.01 1" endScale="1 1 1"/>
			<part node="GroupName_1" 	startTime="2" 		endTime="2.01"		startScale="1 0.01 1" endScale="1 1 1"/>
			<part node="GroupName_2" 	startTime="4" 		endTime="4.01"		startScale="1 0.01 1" endScale="1 1 1"/>
			<part node="GroupName_3" 	startTime="6" 		endTime="6.01"		startScale="1 0.01 1" endScale="1 1 1"/>
			<part node="GroupName_4" 	startTime="8" 		endTime="8.01"		startScale="1 0.01 1" endScale="1 1 1"/>
			<part node="GroupName_5" 	startTime="10" 		endTime="10.01"		startScale="1 0.01 1" endScale="1 1 1"/>
			<part node="GroupName_6" 	startTime="12" 		endTime="12.01"		startScale="1 0.01 1" endScale="1 1 1"/>
			<part node="GroupName_7" 	startTime="14" 		endTime="14.01"		startScale="1 0.01 1" endScale="1 1 1"/>
			<part node="GroupName_8" 	startTime="16" 		endTime="16.01"		startScale="1 0.01 1" endScale="1 1 1"/>
			<part node="GroupName_9" 	startTime="18" 		endTime="18.01"		startScale="1 0.01 1" endScale="1 1 1"/>
			<part node="GroupName_10" 	startTime="20" 		endTime="20.01"		startScale="1 0.01 1" endScale="1 1 1"/>
			<part node="GroupName_11" 	startTime="22" 		endTime="22.01"		startScale="1 0.01 1" endScale="1 1 1"/>
			<part node="GroupName_12" 	startTime="24" 		endTime="24.01"		startScale="1 0.01 1" endScale="1 1 1"/>
			<part node="GroupName_13" 	startTime="26" 		endTime="26.01"		startScale="1 0.01 1" endScale="1 1 1"/>
			<part node="GroupName_14" 	startTime="28" 		endTime="28.01"		startScale="1 0.01 1" endScale="1 1 1"/>
			<part node="GroupName_15" 	startTime="30" 		endTime="30.01"		startScale="1 0.01 1" endScale="1 1 1"/>
			<part node="GroupName_16" 	startTime="32" 		endTime="32.01"		startScale="1 0.01 1" endScale="1 1 1"/>
			
<!-- 			<part node="col_box_0" 	startTime="0"	 	endTime="0.01" 		startScale="1 0.01 1" endScale="1 0.02 1"/>
			<part node="col_box_1" 	startTime="2" 		endTime="2.01"		startScale="1 0.01 1" endScale="1 0.02 1"/>
			<part node="col_box_2" 	startTime="4" 		endTime="4.01"		startScale="1 0.01 1" endScale="1 0.02 1"/>
			<part node="col_box_3" 	startTime="6" 		endTime="6.01"		startScale="1 0.01 1" endScale="1 0.02 1"/>
			<part node="col_box_4" 	startTime="8" 		endTime="8.01"		startScale="1 0.01 1" endScale="1 0.02 1"/>
			<part node="col_box_5" 	startTime="10" 		endTime="10.01"		startScale="1 0.01 1" endScale="1 0.02 1"/>
			<part node="col_box_6" 	startTime="12" 		endTime="12.01"		startScale="1 0.01 1" endScale="1 0.02 1"/>
			<part node="col_box_7" 	startTime="14" 		endTime="14.01"		startScale="1 0.01 1" endScale="1 0.02 1"/>
			<part node="col_box_8" 	startTime="16" 		endTime="16.01"		startScale="1 0.01 1" endScale="1 0.02 1"/>
			<part node="col_box_9" 	startTime="18" 		endTime="18.01"		startScale="1 0.01 1" endScale="1 0.02 1"/>
			<part node="col_box_10" startTime="20" 		endTime="20.01"		startScale="1 0.01 1" endScale="1 0.02 1"/>
			<part node="col_box_11" startTime="22" 		endTime="22.01"		startScale="1 0.01 1" endScale="1 0.02 1"/>
			<part node="col_box_12" startTime="24" 		endTime="24.01"		startScale="1 0.01 1" endScale="1 0.02 1"/>
			<part node="col_box_13" startTime="26" 		endTime="26.01"		startScale="1 0.01 1" endScale="1 0.02 1"/>
			<part node="col_box_14" startTime="28" 		endTime="28.01"		startScale="1 0.01 1" endScale="1 0.02 1"/>
			<part node="col_box_15" startTime="30" 		endTime="30.01"		startScale="1 0.01 1" endScale="1 0.02 1"/>
			<part node="col_box_16" startTime="32" 		endTime="32.01"		startScale="1 0.01 1" endScale="1 0.02 1"/>
			
			<part node="col_box_0" 	startTime="0.02" 	 	endTime="0.03" 	startScale="1 0.02 1" endScale="1 1 1"/>
			<part node="col_box_1" 	startTime="2.02"		endTime="2.03"	startScale="1 0.02 1" endScale="1 1 1"/>
			<part node="col_box_2" 	startTime="4.02"		endTime="4.03"	startScale="1 0.02 1" endScale="1 1 1"/>
			<part node="col_box_3" 	startTime="6.02"		endTime="6.03"	startScale="1 0.02 1" endScale="1 1 1"/>
			<part node="col_box_4" 	startTime="8.02"		endTime="8.03"	startScale="1 0.02 1" endScale="1 1 1"/>
			<part node="col_box_5" 	startTime="10.02" 		endTime="10.03"	startScale="1 0.02 1" endScale="1 1 1"/>
			<part node="col_box_6" 	startTime="12.02" 		endTime="12.03"	startScale="1 0.02 1" endScale="1 1 1"/>
			<part node="col_box_7" 	startTime="14.02" 		endTime="14.03"	startScale="1 0.02 1" endScale="1 1 1"/>
			<part node="col_box_8" 	startTime="16.02" 		endTime="16.03"	startScale="1 0.02 1" endScale="1 1 1"/>
			<part node="col_box_9" 	startTime="18.02" 		endTime="18.03"	startScale="1 0.02 1" endScale="1 1 1"/>
			<part node="col_box_10" startTime="20.02" 		endTime="20.03"	startScale="1 0.02 1" endScale="1 1 1"/>
			<part node="col_box_11" startTime="22.02" 		endTime="22.03"	startScale="1 0.02 1" endScale="1 1 1"/>
			<part node="col_box_12" startTime="24.02" 		endTime="24.03"	startScale="1 0.02 1" endScale="1 1 1"/>
			<part node="col_box_13" startTime="26.02" 		endTime="26.03"	startScale="1 0.02 1" endScale="1 1 1"/>
			<part node="col_box_14" startTime="28.02" 		endTime="28.03"	startScale="1 0.02 1" endScale="1 1 1"/>
			<part node="col_box_15" startTime="30.02" 		endTime="30.03"	startScale="1 0.02 1" endScale="1 1 1"/>
			<part node="col_box_16" startTime="32.02" 		endTime="32.03"	startScale="1 0.02 1" endScale="1 1 1"/> -->
        </animation>
    
		<animation name="enable_disable_AL_Anim">
            <part node="exactFillRootNode" 	startTime="0.00" endTime="1.00" startTrans="-0.027 10 0.797" endTrans="-0.027 -1.581 0.797" />
        </animation>
		
		<animation name="tipAnimationBack">
            <part node="dischargeTrigger" 	startTime="0.00" endTime="0.01" startTrans="-0.027 0.373 1.047" endTrans="-0.027 0.373 1.047" />
        </animation>
	</animations>

	<cover>
        <coverConfigurations>
			<coverConfiguration price="0">
                <cover openAnimation="foldRamps" fillUnitIndices="1" openOnBuy="false"/>
            </coverConfiguration>
        </coverConfigurations>
    </cover>
	
    <foldable>
        <foldingConfigurations>
            <foldingConfiguration name="$l10n_configuration_valueNo" />
			<foldingConfiguration name="$l10n_configuration_valueYes">
                <foldingParts startMoveDirection="-1" posDirectionText="$l10n_action_disableAL" negDirectionText="$l10n_action_enableAL" dynamicMountMinLimit="0" dynamicMountMaxLimit="0.01">
                    <foldingPart animationName="enable_disable_AL_Anim" speedScale="1" />
                </foldingParts>
            </foldingConfiguration>
        </foldingConfigurations>
    </foldable>
	
	<cylindered>
		<movingTools>
			<movingTool node="ramps_hinge" playSound="true"/>
			<movingTool node="ramps" playSound="true"/>
			<movingTool node="gooseneck_attacher">
				<controls axis="AXIS_FRONTLOADER_ARM" icon="$dataS2/menu/moveControls/frontloader_tool.png" invertAxis="false" invertMouseAxis="true" speedFactor="0.8"/>
				<inputAttacherJoint value="true" />
				<translation transSpeed=".5" transAcceleration="5" transMax="-0.381" transMin="-0.732" startTrans="-0.381" translationAxis="2"/>
			</movingTool>
			
<!-- 			<movingTool node="trailer_legs" delayedNode="col_legs" playSound="true">
				<controls axis="AXIS_FRONTLOADER_TOOL" icon="$dataS2/menu/moveControls/frontloader_tool.png" invertAxis="false" invertMouseAxis="true" speedFactor="0.8"/>
				<inputAttacherJoint value="true" />
				<translation transSpeed=".5" transAcceleration="5" transMax="1.091" transMin="0.453" translationAxis="2"/>
			</movingTool> -->
			
<!-- 			<movingTool node="col_legs" playSound="true">
				<translation transSpeed=".5" transAcceleration="5" transMax="1.091" transMin="0.453" translationAxis="2"/>
			</movingTool> -->
		</movingTools>
        <movingParts>
            <movingPart node="axle1" referencePoint="axle1_ref" referenceFrame="axle1_ref" isActiveDirty="true" maxUpdateDistance="40"/>
            <movingPart node="axle2" referencePoint="axle2_ref" referenceFrame="axle2_ref" isActiveDirty="true" maxUpdateDistance="40"/>
        </movingParts>	
    </cylindered>
		
	<fillUnit>
        <fillUnitConfigurations title="$l10n_configuration_pallets_AL">
			<fillUnitConfiguration name="$l10n_configuration_valueNo" price="0" >
				<fillUnits>
					<fillUnit unitTextOverride="$l10n_unit_literShort" showOnHud="false" showInShop="false" fillTypes="air" capacity="10"/>		
					<fillUnit unitTextOverride="$l10n_unit_literShort" showOnHud="false" showInShop="false" fillTypes="air" capacity="10"/>		
				</fillUnits>
				
				<objectChange node="col_box_0" compoundChildActive="false"/>
				<objectChange node="col_box_1" compoundChildActive="false"/>
				<objectChange node="col_box_2" compoundChildActive="false"/>
				<objectChange node="col_box_3" compoundChildActive="false"/>
				<objectChange node="col_box_4" compoundChildActive="false"/>
				<objectChange node="col_box_5" compoundChildActive="false"/>
				<objectChange node="col_box_6" compoundChildActive="false"/>
				<objectChange node="col_box_7" compoundChildActive="false"/>
				<objectChange node="col_box_8" compoundChildActive="false"/>
				<objectChange node="col_box_9" compoundChildActive="false"/>
				<objectChange node="col_box_10" compoundChildActive="false"/>
				<objectChange node="col_box_11" compoundChildActive="false"/>
				<objectChange node="col_box_12" compoundChildActive="false"/>
				<objectChange node="col_box_13" compoundChildActive="false"/>
				<objectChange node="col_box_14" compoundChildActive="false"/>
				<objectChange node="col_box_15" compoundChildActive="false"/>
				<objectChange node="col_box_16" compoundChildActive="false"/>
			</fillUnitConfiguration>
			<fillUnitConfiguration name="$l10n_configuration_valueYes" price="5000" >
                <fillUnits fillTypeChangeThreshold="0">
					<unloading width="13" offset="0 0 -8" />
					<fillUnit unitTextOverride="$l10n_unit_literShort" showOnHud="false" showInShop="false" fillTypes="air" capacity="10"/>	
					<fillUnit shopDisplayUnit="CUBICMETER" fillTypeCategories="LOC_WOOD LOC_PRODUCTS LOC_PLATINUM LOC_REFER LOC_BIGBAGS LOC_GRAINMILL LOC_PACKING LOC_FARMPROD LOC_DONUT LOC_OTHERS LOC_SEEDPOTATO LOC_PAPER LOC_PLANTY LOC_BARREL LOC_SA LOC_CORONELLA LOC_PINEY" capacity="54000" updateMass="false">
                        <dashboard displayType="ANIMATION" valueType="fillLevel" animName="palletBoxFillAnim"/>
                        <exactFillRootNode node="exactFillRootNode"/>
                    </fillUnit>
                </fillUnits>
                <objectChange node="multi_pallets_grp" visibilityActive="true" visibilityInactive="false"/>
            </fillUnitConfiguration>
		</fillUnitConfigurations>
	</fillUnit>
	
	<trailer>
        <trailerConfigurations>
			<trailerConfiguration name="$l10n_configuration_valueDefault"/>
            <trailerConfiguration name="$l10n_configuration_pallets_AL">
                <trailer>
					<tipSide name="$l10n_info_tipSideBack" dischargeNodeIndex="1">
                        <animation name="tipAnimationBack" speedScale="1.0" startTipTime="0"/>
                    </tipSide>
                </trailer>
            </trailerConfiguration>
        </trailerConfigurations>
    </trailer>
	
	<dischargeable requiresTipOcclusionArea="false">
        <dischargeNode node="jointNode" emptySpeed="1500" fillUnitIndex="2" maxDistance="6" allowAIDischarge="true" canStartDischargeAutomatically="false">
            <trigger node="dischargeTrigger"/>
        </dischargeNode>
    </dischargeable>

    <tensionBelts>
        <tensionBeltsConfigurations>
            <tensionBeltsConfiguration name="EU" price="0">
                <tensionBelts linkNode="tensionBelts" jointNode="trailer_maincomponent1" width="0.075" maxEdgeLength="0.1" geometryBias="0.01" ratchetPosition="0.2" defaultOffset="0.1" defaultOffsetSide="0.1" defaultHeight="4" activationTrigger="beltActivationTrigger">
                    <tensionBelt startNode="tensionBeltStart1" endNode="tensionBeltEnd1" offsetLeft="0.2" >
						<intersectionNode node="tensionBeltIntersec11" />
						<intersectionNode node="tensionBeltIntersec12" />
					</tensionBelt>
					<tensionBelt startNode="tensionBeltStart2" endNode="tensionBeltEnd2">
						<intersectionNode node="tensionBeltIntersec21" />
						<intersectionNode node="tensionBeltIntersec22" />
					</tensionBelt>
					<tensionBelt startNode="tensionBeltStart3" endNode="tensionBeltEnd3">
						<intersectionNode node="tensionBeltIntersec31" />
						<intersectionNode node="tensionBeltIntersec32" />
					</tensionBelt>
					<tensionBelt startNode="tensionBeltStart4" endNode="tensionBeltEnd4">
						<intersectionNode node="tensionBeltIntersec41" />
						<intersectionNode node="tensionBeltIntersec42" />
					</tensionBelt>
					<tensionBelt startNode="tensionBeltStart5" endNode="tensionBeltEnd5">
						<intersectionNode node="tensionBeltIntersec51" />
						<intersectionNode node="tensionBeltIntersec52" />
					</tensionBelt>
					<tensionBelt startNode="tensionBeltStart6" endNode="tensionBeltEnd6">
						<intersectionNode node="tensionBeltIntersec61" />
						<intersectionNode node="tensionBeltIntersec62" />
					</tensionBelt>
					<tensionBelt startNode="tensionBeltStart7" endNode="tensionBeltEnd7">
						<intersectionNode node="tensionBeltIntersec71" />
						<intersectionNode node="tensionBeltIntersec72" />
					</tensionBelt>
					<tensionBelt startNode="tensionBeltStart8" endNode="tensionBeltEnd8" offsetRight="0.2" >
						<intersectionNode node="tensionBeltIntersec81" />
						<intersectionNode node="tensionBeltIntersec82" />
					</tensionBelt>
			
                    <sounds>
                        <addBelt template="beltOpen" />
                        <removeBelt template="beltClose" />
                    </sounds>
                </tensionBelts>
            
				<objectChange node="tensionBelts_EU" visibilityActive="true" visibilityInactive="false" />
			</tensionBeltsConfiguration>
			<tensionBeltsConfiguration name="US" price="0">
				<tensionBelts linkNode="tensionBelts" jointNode="trailer_maincomponent1" maxEdgeLength="0.1" geometryBias="0.01" ratchetPosition="0.2" defaultOffset="0" defaultOffsetSide="0.1" defaultHeight="4" activationTrigger="beltActivationTrigger" tensionBeltType="us">
                    <tensionBelt startNode="tensionBeltStart1_US" endNode="tensionBeltEnd1_US" offsetLeft="0.2" >
						<intersectionNode node="tensionBeltIntersec11" />
						<intersectionNode node="tensionBeltIntersec12" />
					</tensionBelt>
					<tensionBelt startNode="tensionBeltStart2_US" endNode="tensionBeltEnd2_US">
						<intersectionNode node="tensionBeltIntersec21_US" />
						<intersectionNode node="tensionBeltIntersec22_US" />
					</tensionBelt>
					<tensionBelt startNode="tensionBeltStart3_US" endNode="tensionBeltEnd3_US">
						<intersectionNode node="tensionBeltIntersec31_US" />
						<intersectionNode node="tensionBeltIntersec32_US" />
					</tensionBelt>
					<tensionBelt startNode="tensionBeltStart4_US" endNode="tensionBeltEnd4_US">
						<intersectionNode node="tensionBeltIntersec41_US" />
						<intersectionNode node="tensionBeltIntersec42_US" />
					</tensionBelt>
					<tensionBelt startNode="tensionBeltStart5_US" endNode="tensionBeltEnd5_US">
						<intersectionNode node="tensionBeltIntersec51_US" />
						<intersectionNode node="tensionBeltIntersec52_US" />
					</tensionBelt>
					<tensionBelt startNode="tensionBeltStart6_US" endNode="tensionBeltEnd6_US">
						<intersectionNode node="tensionBeltIntersec61_US" />
						<intersectionNode node="tensionBeltIntersec62_US" />
					</tensionBelt>
					<tensionBelt startNode="tensionBeltStart7_US" endNode="tensionBeltEnd7_US">
						<intersectionNode node="tensionBeltIntersec71_US" />
						<intersectionNode node="tensionBeltIntersec72_US" />
					</tensionBelt>
					<tensionBelt startNode="tensionBeltStart8_US" endNode="tensionBeltEnd8_US" offsetRight="0.2" >
						<intersectionNode node="tensionBeltIntersec81_US" />
						<intersectionNode node="tensionBeltIntersec82_US" />
					</tensionBelt>
			
                    <sounds>
                        <addBelt template="beltOpen" />
                        <removeBelt template="beltClose" />
                    </sounds>
                </tensionBelts>
            
				<objectChange node="tensionBelts_US" visibilityActive="true" visibilityInactive="false" />
			</tensionBeltsConfiguration>
        </tensionBeltsConfigurations>
    </tensionBelts>
	
	<winch>
		<winchConfigurations>
			<winchConfiguration name="$l10n_configuration_valueNo" 		price="0">		1
				<objectChange node="winch_small" visibilityActive="false" visibilityInactive="true" />
			</winchConfiguration>
			<winchConfiguration name="$l10n_configuration_valueYes" 	price="1500">		2
				<rope node="winchRopeNode" triggerNode="winchTrigger" maxTreeMass="4.0" maxNumTrees="4" minLength="1" maxLength="60" maxSubLength="2">
					<mainRope diameter="0.015" uvScale="4" />
					<setupRope diameter="0.015" uvScale="4" emissiveColor="0 2 0 1" />
					<attach node="winchRopeNode">
						<marker width="0.1" offset="0.005" color="0 2 0"/>
					</attach>
					<treeHook filename="shared/ropes/treeHook03.xml"/>
					<objectChange node="winchRope_detached" visibilityActive="false" visibilityInactive="true" />

					<sounds>				
						<pullRope file="$data/sounds/vehicles/transmission/transmissionLoop20.wav"  fadeIn="0.1" fadeOut="0.1" >
							<volume outdoor="1" indoor="0.4" />
						</pullRope>
						<detachTree file="$data/sounds/animations/latches/latchSmall01.wav" fadeIn="0.1" fadeOut="0.1" >
							<volume outdoor="1.9" indoor="0.8" />
						</detachTree>
						<attachTree file="$data/sounds/animations/latches/latchSmall01.wav" >
							<volume outdoor="1.9" indoor="0.8" />
						</attachTree>
						<releaseRope file="$data/sounds/vehicles/hydraulic/moving_parts.wav" fadeIn="0.1" fadeOut="0.1" >
							<volume outdoor="1" indoor="0.4" />
						</releaseRope>
					</sounds>
					
					<animationNodes>
						<animationNode node="winch_cable" rotSpeed="-75" rotAxis="1" turnOnFadeTime="0.1" turnOffFadeTime="0.1" speedFunc="getWinchRopeSpeedFactor" speedFuncParam="1"/>
					</animationNodes>
				</rope>
			</winchConfiguration>
		</winchConfigurations>
    </winch>
	
    <ai>
        <allowTurnBackward value="false"/>
        <agentAttachment jointNode="gooseneckAttacherJoint" rotCenterWheelIndices="1 2 3 4" width="3" height="4" length="10" lengthOffset="2"/>
    </ai>

	<foliageBending>
        <bendingNode minX="-1.3" maxX="1.3" minZ="-5.8" maxZ="6.3" yOffset="0.6"/>
    </foliageBending>
    
	<baseMaterial>
        <material name="gooseneck_mat" baseNode="frame_main">
            <shaderParameter name="colorMat0" value="0.02 0.02 0.02" material="40"/>
        </material>
    </baseMaterial>
		
    <baseMaterialConfigurations useDefaultColors="true" price="1200">
		<baseMaterialConfiguration name="$l10n_color_black_gloss" color="0.02 0.02 0.02" material="40" />
		<baseMaterialConfiguration name="$l10n_color_black" color="0.02 0.02 0.02" material="0" />
		<baseMaterialConfiguration name="$l10n_color_black_aged" color="0.017 0.017 0.017" material="6" />
		<baseMaterialConfiguration name="$l10n_color_gun_metal" color="SHARED_GREY5" material="27" />
		<baseMaterialConfiguration name="$l10n_color_dark_moon" color="0.02 0.02 0.02" material="27" />
		<baseMaterialConfiguration name="$l10n_color_stainless_steel" color="1 1 1" material="8" />
		<baseMaterialConfiguration name="$l10n_color_dark_steel" color="0.35 0.35 0.40" material="8" />
		<baseMaterialConfiguration name="$l10n_color_aluminum" color="0.65 0.65 0.75" material="3" />
		<baseMaterialConfiguration name="$l10n_color_phoenix_blue_gloss" color="0 0.051 0.349" material="40" />
		<baseMaterialConfiguration name="$l10n_color_phoenix_blue" color="0 0.051 0.349" material="0" />
		<baseMaterialConfiguration name="$l10n_color_phoenix_blue_new_age" color="0 0.051 0.349" material="27" />
		<baseMaterialConfiguration name="$l10n_color_phoenix_blue_aged" color="0 0.051 0.349" material="6" />
		<baseMaterialConfiguration name="$l10n_color_pearl_white_gloss" color="STOLL_WHITE2" material="40" />
		<baseMaterialConfiguration name="$l10n_color_pure_white" color="STOLL_WHITE2" material="0" />
		<baseMaterialConfiguration name="$l10n_color_pearl_white" color="STOLL_WHITE2" material="27" />
		<baseMaterialConfiguration name="$l10n_color_white_aged" color="STOLL_WHITE2" material="6" />
		<baseMaterialConfiguration name="$l10n_color_ruby_red_gloss" color="0.3 0 0.004" material="40" />
		<baseMaterialConfiguration name="$l10n_color_ruby_red" color="0.3 0 0.004" material="0" />
		<baseMaterialConfiguration name="$l10n_color_ruby_red_new_age" color="0.3 0 0.004" material="27" />
		<baseMaterialConfiguration name="$l10n_color_ruby_red_aged" color="0.3 0 0.004" material="6" />
		<baseMaterialConfiguration name="$l10n_color_race_red_gloss" color="0.657 0.012 0" material="40" />
		<baseMaterialConfiguration name="$l10n_color_race_red" color="0.657 0.012 0" material="0" />
		<baseMaterialConfiguration name="$l10n_color_race_red_new_age" color="0.657 0.012 0" material="27" />
		<baseMaterialConfiguration name="$l10n_color_race_red_aged" color="0.657 0.012 0" material="6" />
		<baseMaterialConfiguration name="$l10n_color_jungle_fever_gloss" color="0.353 0.584 0.569" material="40" />
		<baseMaterialConfiguration name="$l10n_color_jungle_fever" color="0.353 0.584 0.569" material="0" />
		<baseMaterialConfiguration name="$l10n_color_jungle_fever_new_age" color="0.353 0.584 0.569" material="27" />
		<baseMaterialConfiguration name="$l10n_color_jungle_fever_aged" color="0.353 0.584 0.569" material="6" />
		<baseMaterialConfiguration name="$l10n_color_old_citadel_gloss" color="0.353 0 0.353" material="40" />
		<baseMaterialConfiguration name="$l10n_color_old_citadel" color="0.353 0 0.353" material="0" />
		<baseMaterialConfiguration name="$l10n_color_old_citadel_new_age" color="0.353 0 0.353" material="27" />
		<baseMaterialConfiguration name="$l10n_color_old_citadel_aged" color="0.353 0 0.353" material="6" />
		<baseMaterialConfiguration name="$l10n_color_tiffany_blue_gloss" color="0.031 0.584 0.569" material="40" />
		<baseMaterialConfiguration name="$l10n_color_tiffany_blue" color="0.031 0.584 0.569" material="0" />
		<baseMaterialConfiguration name="$l10n_color_tiffany_blue_new_age" color="0.031 0.584 0.569" material="27" />
		<baseMaterialConfiguration name="$l10n_color_tiffany_blue_aged" color="0.031 0.584 0.569" material="6" />
		<baseMaterialConfiguration name="$l10n_color_school_bus_gloss" color="BREDAL_ORANGE2" material="40" />
		<baseMaterialConfiguration name="$l10n_color_school_bus" color="BREDAL_ORANGE2" material="0" />
		<baseMaterialConfiguration name="$l10n_color_school_bus_new_age" color="BREDAL_ORANGE2" material="27" />
		<baseMaterialConfiguration name="$l10n_color_school_bus_aged" color="BREDAL_ORANGE2" material="6" />
		<baseMaterialConfiguration name="$l10n_color_cone_orange_gloss" color="HUSQVARNA_ORANGE1" material="40" />
		<baseMaterialConfiguration name="$l10n_color_cone_orange" color="HUSQVARNA_ORANGE1" material="0" />
		<baseMaterialConfiguration name="$l10n_color_cone_orange_new_age" color="HUSQVARNA_ORANGE1" material="27" />
		<baseMaterialConfiguration name="$l10n_color_cone_orange_aged" color="HUSQVARNA_ORANGE1" material="6" />
		<baseMaterialConfiguration name="$l10n_color_jack_moose_gloss" color="0.086 0 0" material="40" />
		<baseMaterialConfiguration name="$l10n_color_jack_moose" color="0.086 0 0" material="0" />
		<baseMaterialConfiguration name="$l10n_color_jack_moose_aged" color="0.086 0 0" material="6" />
		<baseMaterialConfiguration name="$l10n_color_jack_moose_new_age" color="0.086 0 0" material="27" />
		<baseMaterialConfiguration name="$l10n_color_biscuit_green_gloss" color="0.027 0.058 0.048" material="40" />
		<baseMaterialConfiguration name="$l10n_color_biscuit_green" color="0.027 0.058 0.048" material="0" />
		<baseMaterialConfiguration name="$l10n_color_biscuit_green_new_age" color="0.027 0.058 0.048" material="27" />
		<baseMaterialConfiguration name="$l10n_color_biscuit_green_aged" color="0.027 0.058 0.048" material="6" />
		<baseMaterialConfiguration name="$l10n_color_white_gold" color="0.973 0.976 0.545" material="27" />
		<baseMaterialConfiguration name="$l10n_color_bronze_fire" color="0.153 0.029 0.01" material="27" />
		<baseMaterialConfiguration name="$l10n_color_new_silver" color="SHARED_GREY2" material="27" />
		<baseMaterialConfiguration name="$l10n_color_scarlet_red" color="CASEIH_RED1" material="27" />
		<baseMaterialConfiguration name="$l10n_color_blaze_orange" color="FLIEGL_ORANGE1" material="27" />
		<baseMaterialConfiguration name="$l10n_color_nitro_blue" color="NEWHOLLAND_BLUE1" material="27" />
		<baseMaterialConfiguration name="$l10n_color_deep_blue" color="HATZENBICHLER_DARKBLUE1" material="27" />
		
        <material name="gooseneck_mat" shaderParameter="colorMat0" />
    </baseMaterialConfigurations>

	<rimColorConfigurations useDefaultColors="true" price="300">
		<rimColorConfiguration name="$l10n_color_stainless_steel" color="1 1 1" material="8" />
		<rimColorConfiguration name="$l10n_color_dark_steel" color="0.35 0.35 0.40" material="8" />
		<rimColorConfiguration name="$l10n_color_aluminum" color="0.65 0.65 0.75" material="3" />
		<rimColorConfiguration name="$l10n_color_chrome" color="0.9 0.9 1" material="2"  />
		<rimColorConfiguration name="$l10n_color_polished" color="0.95 0.95 1" material="3" />
		<rimColorConfiguration name="$l10n_color_chromerfection_1" color="0.855 0.855 0.955" material="2" />
		<rimColorConfiguration name="$l10n_color_chromerfection_2" color="0.855 0.855 0.955" material="3" />
		<rimColorConfiguration name="$l10n_color_copperfection_1" color="0.855 0.475 0.325" material="2" />
		<rimColorConfiguration name="$l10n_color_copperfection_2" color="0.855 0.475 0.325" material="3" />
		<rimColorConfiguration name="$l10n_color_chrome_black-out_1" color="0.155 0.155 0.155" material="2" />
		<rimColorConfiguration name="$l10n_color_phoenix_blue" color="0 0.051 0.349" material="0" />
		<rimColorConfiguration name="$l10n_color_phoenix_blue_new_age" color="0 0.051 0.349" material="27" />
		<rimColorConfiguration name="$l10n_color_phoenix_blue_aged" color="0 0.051 0.349" material="6" />
		<rimColorConfiguration name="$l10n_color_jungle_fever" color="0.353 0.584 0.569" material="0" />
		<rimColorConfiguration name="$l10n_color_jungle_fever_new_age" color="0.353 0.584 0.569" material="27" />
		<rimColorConfiguration name="$l10n_color_jungle_fever_aged" color="0.353 0.584 0.569" material="6" />
		<rimColorConfiguration name="$l10n_color_old_citadel" color="0.353 0 0.353" material="0" />
		<rimColorConfiguration name="$l10n_color_old_citadel_new_age" color="0.353 0 0.353" material="27" />
		<rimColorConfiguration name="$l10n_color_old_citadel_aged" color="0.353 0 0.353" material="6" />
		<rimColorConfiguration name="$l10n_color_tiffany_blue" color="0.031 0.584 0.569" material="0" />
		<rimColorConfiguration name="$l10n_color_tiffany_blue_new_age" color="0.031 0.584 0.569" material="27" />
		<rimColorConfiguration name="$l10n_color_tiffany_blue_aged" color="0.031 0.584 0.569" material="6" />
		<rimColorConfiguration name="$l10n_color_school_bus" color="BREDAL_ORANGE2" material="0" />
		<rimColorConfiguration name="$l10n_color_school_bus_new_age" color="BREDAL_ORANGE2" material="27" />
		<rimColorConfiguration name="$l10n_color_school_bus_aged" color="BREDAL_ORANGE2" material="6" />
		<rimColorConfiguration name="$l10n_color_cone_orange" color="HUSQVARNA_ORANGE1" material="0" />
		<rimColorConfiguration name="$l10n_color_cone_orange_new_age" color="HUSQVARNA_ORANGE1" material="27" />
		<rimColorConfiguration name="$l10n_color_cone_orange_aged" color="HUSQVARNA_ORANGE1" material="6" />
		<rimColorConfiguration name="$l10n_color_jack_moose" color="0.086 0 0" material="0" />
		<rimColorConfiguration name="$l10n_color_jack_moose_aged" color="0.086 0 0" material="6" />
		<rimColorConfiguration name="$l10n_color_jack_moose_new_age" color="0.086 0 0" material="27" />
		<rimColorConfiguration name="$l10n_color_biscuit_green" color="0.027 0.058 0.048" material="0" />
		<rimColorConfiguration name="$l10n_color_biscuit_green_new_age" color="0.027 0.058 0.048" material="27" />
		<rimColorConfiguration name="$l10n_color_biscuit_green_aged" color="0.027 0.058 0.048" material="6" />
		<rimColorConfiguration name="$l10n_color_olive" color="LIZARD_OLIVE1" material="0" />
		<rimColorConfiguration name="$l10n_color_olive_new_age" color="LIZARD_OLIVE1" material="27" />
		<rimColorConfiguration name="$l10n_color_olive_aged" color="LIZARD_OLIVE1" material="6" />
		<rimColorConfiguration name="$l10n_color_ruby_red" color="0.3 0 0.004" material="0" />
		<rimColorConfiguration name="$l10n_color_ruby_red_new_age" color="0.3 0 0.004" material="27" />
		<rimColorConfiguration name="$l10n_color_ruby_red_aged" color="0.3 0 0.004" material="6" />
		<rimColorConfiguration name="$l10n_color_race_red" color="0.657 0.012 0" material="0" />
		<rimColorConfiguration name="$l10n_color_race_red_new_age" color="0.657 0.012 0" material="27" />
		<rimColorConfiguration name="$l10n_color_race_red_aged" color="0.657 0.012 0" material="6" />
		<rimColorConfiguration name="$l10n_color_white_gold" color="0.973 0.976 0.545" material="27" />
		<rimColorConfiguration name="$l10n_color_bronze_fire" color="0.153 0.029 0.01" material="27" />
		<rimColorConfiguration name="$l10n_color_pure_white" color="STOLL_WHITE2" material="0" />
		<rimColorConfiguration name="$l10n_color_pearl_white" color="STOLL_WHITE2" material="27" />
		<rimColorConfiguration name="$l10n_color_white_aged" color="STOLL_WHITE2" material="6" />
		<rimColorConfiguration name="$l10n_color_black" color="0.02 0.02 0.02" material="0" />
		<rimColorConfiguration name="$l10n_color_black_aged" color="0.017 0.017 0.017" material="6" />
		<rimColorConfiguration name="$l10n_color_gun_metal" color="SHARED_GREY5" material="27" />
		<rimColorConfiguration name="$l10n_color_dark_moon" color="0.02 0.02 0.02" material="27" />
		<rimColorConfiguration name="$l10n_color_new_silver" color="SHARED_GREY2" material="27" />
		<rimColorConfiguration name="$l10n_color_scarlet_red" color="CASEIH_RED1" material="27" />
		<rimColorConfiguration name="$l10n_color_blaze_orange" color="FLIEGL_ORANGE1" material="27" />
		<rimColorConfiguration name="$l10n_color_nitro_blue" color="NEWHOLLAND_BLUE1" material="27" />
		<rimColorConfiguration name="$l10n_color_deep_blue" color="HATZENBICHLER_DARKBLUE1" material="27" />
	</rimColorConfigurations>
	
	<wearable wearDuration="480" workMultiplier="5" fieldMultiplier="2"/>
    <washable dirtDuration="90" washDuration="1" workMultiplier="3" fieldMultiplier="2"/>

<i3dMappings>
  <i3dMapping id="trailer_maincomponent1" node="0>" />
  <i3dMapping id="gooseneck_series_vis" node="0>0" />
  <i3dMapping id="wheels" node="0>0|0" />
  <i3dMapping id="wheelChocks" node="0>0|0|0" />
  <i3dMapping id="chockSupport01" node="0>0|0|0|0" />
  <i3dMapping id="chockSupport02" node="0>0|0|0|1" />
  <i3dMapping id="wheelChock01" node="0>0|0|0|2" />
  <i3dMapping id="wheelChock02" node="0>0|0|0|3" />
  <i3dMapping id="main_parts" node="0>0|1" />
  <i3dMapping id="frame_main" node="0>0|1|0" />
  <i3dMapping id="axle1_suspension" node="0>0|1|1" />
  <i3dMapping id="axle1_leaf_left" node="0>0|1|1|0" />
  <i3dMapping id="axle1_leaf_right" node="0>0|1|1|1" />
  <i3dMapping id="axle2_suspension" node="0>0|1|2" />
  <i3dMapping id="axle2_leaf_left" node="0>0|1|2|0" />
  <i3dMapping id="axle2_leaf_right" node="0>0|1|2|1" />
  <i3dMapping id="mudguards_grp" node="0>0|1|3" />
  <i3dMapping id="mudguards_front" node="0>0|1|3|0" />
  <i3dMapping id="mudflaps_mount_0" node="0>0|1|3|0|0" />
  <i3dMapping id="mudguards_back" node="0>0|1|3|1" />
  <i3dMapping id="mudflaps_mount_1" node="0>0|1|3|1|0" />
  <i3dMapping id="landing_gear_grp" node="0>0|1|4" />
  <i3dMapping id="landing_gear" node="0>0|1|4|0" />
  <i3dMapping id="landing_gear_rot" node="0>0|1|4|1" />
  <i3dMapping id="landing_gear_lever_rot" node="0>0|1|4|2" />
  <i3dMapping id="landing_gear_lever" node="0>0|1|4|2|0" />
  <i3dMapping id="landing_legs" node="0>0|1|4|3" />
  <i3dMapping id="col_legs" node="0>0|1|4|3|0" />
  <i3dMapping id="joint7" node="0>0|1|5" />
  <i3dMapping id="joint12" node="0>0|1|6" />
  <i3dMapping id="joint10" node="0>0|1|7" />
  <i3dMapping id="joint8" node="0>0|1|8" />
  <i3dMapping id="joint6" node="0>0|1|9" />
  <i3dMapping id="joint4" node="0>0|1|10" />
  <i3dMapping id="joint1" node="0>0|1|11" />
  <i3dMapping id="joint2" node="0>0|1|12" />
  <i3dMapping id="platform_parts" node="0>0|2" />
  <i3dMapping id="panels_grp" node="0>0|2|0" />
  <i3dMapping id="wood_panels" node="0>0|2|0|0" />
  <i3dMapping id="metal_panels" node="0>0|2|0|1" />
  <i3dMapping id="frame_platform" node="0>0|2|1" />
  <i3dMapping id="ramps_hinge" node="0>0|2|2" />
  <i3dMapping id="ramps" node="0>0|2|2|0" />
  <i3dMapping id="col_ramps" node="0>0|2|2|0|0" />
  <i3dMapping id="diamond_plates" node="0>0|2|3" />
  <i3dMapping id="wood_screws" node="0>0|2|4" />
  <i3dMapping id="lights" node="0>0|2|5" />
  <i3dMapping id="sharedLights" node="0>0|2|5|0" />
  <i3dMapping id="frontLightCone_01_1" node="0>0|2|5|0|0" />
  <i3dMapping id="frontLightCone_01_2" node="0>0|2|5|0|1" />
  <i3dMapping id="frontMarkerWhite" node="0>0|2|5|0|2" />
  <i3dMapping id="frontMarkerWhite1" node="0>0|2|5|0|2|0" />
  <i3dMapping id="sidemarkers" node="0>0|2|5|0|3" />
  <i3dMapping id="sideMarker11Orange_0" node="0>0|2|5|0|3|0" />
  <i3dMapping id="sideMarker11Orange_1" node="0>0|2|5|0|3|1" />
  <i3dMapping id="sideMarker11Orange_2" node="0>0|2|5|0|3|2" />
  <i3dMapping id="sideMarker11Orange_3" node="0>0|2|5|0|3|3" />
  <i3dMapping id="sideMarker11Orange_4" node="0>0|2|5|0|3|4" />
  <i3dMapping id="sideMarker11Orange_5" node="0>0|2|5|0|3|5" />
  <i3dMapping id="sideMarker11Orange_6" node="0>0|2|5|0|3|6" />
  <i3dMapping id="sideMarker11Orange_7" node="0>0|2|5|0|3|7" />
  <i3dMapping id="sideMarker11Orange_8" node="0>0|2|5|0|3|8" />
  <i3dMapping id="sideMarker11Orange_9" node="0>0|2|5|0|3|9" />
  <i3dMapping id="sideMarker11Orange_10" node="0>0|2|5|0|3|10" />
  <i3dMapping id="sideMarker11Orange_11" node="0>0|2|5|0|3|11" />
  <i3dMapping id="sideMarker11Orange_12" node="0>0|2|5|0|3|12" />
  <i3dMapping id="sideMarker11Orange_13" node="0>0|2|5|0|3|13" />
  <i3dMapping id="sideMarker11Orange_14" node="0>0|2|5|0|3|14" />
  <i3dMapping id="sideMarker11Orange_15" node="0>0|2|5|0|3|15" />
  <i3dMapping id="sideMarker11Orange_16" node="0>0|2|5|0|3|16" />
  <i3dMapping id="sideMarker11Orange_17" node="0>0|2|5|0|3|17" />
  <i3dMapping id="tailLights_grp" node="0>0|2|5|0|4" />
  <i3dMapping id="sideMarker_03_left" node="0>0|2|5|0|4|0" />
  <i3dMapping id="sideMarker_03_right" node="0>0|2|5|0|4|1" />
  <i3dMapping id="rearLightOvalLEDRed_01_L" node="0>0|2|5|0|4|2" />
  <i3dMapping id="rearLightOvalLEDRed_01_R" node="0>0|2|5|0|4|3" />
  <i3dMapping id="rearLightOvalLEDWhite_01_L" node="0>0|2|5|0|4|4" />
  <i3dMapping id="rearLightOvalLEDWhite_01_R" node="0>0|2|5|0|4|5" />
  <i3dMapping id="backLightsHigh" node="0>0|2|5|0|4|6" />
  <i3dMapping id="backLightsHigh1" node="0>0|2|5|0|4|6|0" />
  <i3dMapping id="reverseLight" node="0>0|2|5|0|4|7" />
  <i3dMapping id="reverseLight1" node="0>0|2|5|0|4|7|0" />
  <i3dMapping id="turnLightLeftBack" node="0>0|2|5|0|4|8" />
  <i3dMapping id="turnLightLeftBack1" node="0>0|2|5|0|4|8|0" />
  <i3dMapping id="turnLightRightBack" node="0>0|2|5|0|4|9" />
  <i3dMapping id="turnLightRightBack1" node="0>0|2|5|0|4|9|0" />
  <i3dMapping id="tensionBelts" node="0>0|2|6" />
  <i3dMapping id="beltActivationTrigger" node="0>0|2|6|0" />
  <i3dMapping id="tensionBelts_EU" node="0>0|2|6|1" />
  <i3dMapping id="tensionBeltStart1" node="0>0|2|6|1|0" />
  <i3dMapping id="tensionBeltEnd1" node="0>0|2|6|1|0|0" />
  <i3dMapping id="tensionBeltIntersec11" node="0>0|2|6|1|0|1" />
  <i3dMapping id="tensionBeltIntersec12" node="0>0|2|6|1|0|2" />
  <i3dMapping id="hook_0" node="0>0|2|6|1|0|3" />
  <i3dMapping id="hook_1" node="0>0|2|6|1|0|4" />
  <i3dMapping id="tensionBeltStart2" node="0>0|2|6|1|1" />
  <i3dMapping id="tensionBeltEnd2" node="0>0|2|6|1|1|0" />
  <i3dMapping id="tensionBeltIntersec21" node="0>0|2|6|1|1|1" />
  <i3dMapping id="tensionBeltIntersec22" node="0>0|2|6|1|1|2" />
  <i3dMapping id="hook_2" node="0>0|2|6|1|1|3" />
  <i3dMapping id="hook_3" node="0>0|2|6|1|1|4" />
  <i3dMapping id="tensionBeltStart3" node="0>0|2|6|1|2" />
  <i3dMapping id="tensionBeltEnd3" node="0>0|2|6|1|2|0" />
  <i3dMapping id="tensionBeltIntersec31" node="0>0|2|6|1|2|1" />
  <i3dMapping id="tensionBeltIntersec32" node="0>0|2|6|1|2|2" />
  <i3dMapping id="hook_4" node="0>0|2|6|1|2|3" />
  <i3dMapping id="hook_5" node="0>0|2|6|1|2|4" />
  <i3dMapping id="tensionBeltStart4" node="0>0|2|6|1|3" />
  <i3dMapping id="tensionBeltEnd4" node="0>0|2|6|1|3|0" />
  <i3dMapping id="tensionBeltIntersec41" node="0>0|2|6|1|3|1" />
  <i3dMapping id="tensionBeltIntersec42" node="0>0|2|6|1|3|2" />
  <i3dMapping id="hook_6" node="0>0|2|6|1|3|3" />
  <i3dMapping id="hook_7" node="0>0|2|6|1|3|4" />
  <i3dMapping id="tensionBeltStart5" node="0>0|2|6|1|4" />
  <i3dMapping id="tensionBeltEnd5" node="0>0|2|6|1|4|0" />
  <i3dMapping id="tensionBeltIntersec51" node="0>0|2|6|1|4|1" />
  <i3dMapping id="tensionBeltIntersec52" node="0>0|2|6|1|4|2" />
  <i3dMapping id="hook_8" node="0>0|2|6|1|4|3" />
  <i3dMapping id="hook_9" node="0>0|2|6|1|4|4" />
  <i3dMapping id="tensionBeltStart6" node="0>0|2|6|1|5" />
  <i3dMapping id="tensionBeltEnd6" node="0>0|2|6|1|5|0" />
  <i3dMapping id="tensionBeltIntersec61" node="0>0|2|6|1|5|1" />
  <i3dMapping id="tensionBeltIntersec62" node="0>0|2|6|1|5|2" />
  <i3dMapping id="hook_10" node="0>0|2|6|1|5|3" />
  <i3dMapping id="hook_11" node="0>0|2|6|1|5|4" />
  <i3dMapping id="tensionBeltStart7" node="0>0|2|6|1|6" />
  <i3dMapping id="tensionBeltEnd7" node="0>0|2|6|1|6|0" />
  <i3dMapping id="tensionBeltIntersec71" node="0>0|2|6|1|6|1" />
  <i3dMapping id="tensionBeltIntersec72" node="0>0|2|6|1|6|2" />
  <i3dMapping id="hook_12" node="0>0|2|6|1|6|3" />
  <i3dMapping id="hook_13" node="0>0|2|6|1|6|4" />
  <i3dMapping id="tensionBeltStart8" node="0>0|2|6|1|7" />
  <i3dMapping id="tensionBeltEnd8" node="0>0|2|6|1|7|0" />
  <i3dMapping id="tensionBeltIntersec81" node="0>0|2|6|1|7|1" />
  <i3dMapping id="tensionBeltIntersec82" node="0>0|2|6|1|7|2" />
  <i3dMapping id="hook_14" node="0>0|2|6|1|7|3" />
  <i3dMapping id="hook_15" node="0>0|2|6|1|7|4" />
  <i3dMapping id="tensionBelts_US" node="0>0|2|6|2" />
  <i3dMapping id="tensionBeltStart1_US" node="0>0|2|6|2|0" />
  <i3dMapping id="tensionBeltEnd1_US" node="0>0|2|6|2|0|0" />
  <i3dMapping id="tensionBeltIntersec11_US" node="0>0|2|6|2|0|1" />
  <i3dMapping id="tensionBeltIntersec12_US" node="0>0|2|6|2|0|2" />
  <i3dMapping id="tensionBeltStart2_US" node="0>0|2|6|2|1" />
  <i3dMapping id="tensionBeltEnd2_US" node="0>0|2|6|2|1|0" />
  <i3dMapping id="tensionBeltIntersec21_US" node="0>0|2|6|2|1|1" />
  <i3dMapping id="tensionBeltIntersec22_US" node="0>0|2|6|2|1|2" />
  <i3dMapping id="tensionBeltStart3_US" node="0>0|2|6|2|2" />
  <i3dMapping id="tensionBeltEnd3_US" node="0>0|2|6|2|2|0" />
  <i3dMapping id="tensionBeltIntersec31_US" node="0>0|2|6|2|2|1" />
  <i3dMapping id="tensionBeltIntersec32_US" node="0>0|2|6|2|2|2" />
  <i3dMapping id="tensionBeltStart4_US" node="0>0|2|6|2|3" />
  <i3dMapping id="tensionBeltEnd4_US" node="0>0|2|6|2|3|0" />
  <i3dMapping id="tensionBeltIntersec41_US" node="0>0|2|6|2|3|1" />
  <i3dMapping id="tensionBeltIntersec42_US" node="0>0|2|6|2|3|2" />
  <i3dMapping id="tensionBeltStart5_US" node="0>0|2|6|2|4" />
  <i3dMapping id="tensionBeltEnd5_US" node="0>0|2|6|2|4|0" />
  <i3dMapping id="tensionBeltIntersec51_US" node="0>0|2|6|2|4|1" />
  <i3dMapping id="tensionBeltIntersec52_US" node="0>0|2|6|2|4|2" />
  <i3dMapping id="tensionBeltStart6_US" node="0>0|2|6|2|5" />
  <i3dMapping id="tensionBeltEnd6_US" node="0>0|2|6|2|5|0" />
  <i3dMapping id="tensionBeltIntersec61_US" node="0>0|2|6|2|5|1" />
  <i3dMapping id="tensionBeltIntersec62_US" node="0>0|2|6|2|5|2" />
  <i3dMapping id="tensionBeltStart7_US" node="0>0|2|6|2|6" />
  <i3dMapping id="tensionBeltEnd7_US" node="0>0|2|6|2|6|0" />
  <i3dMapping id="tensionBeltIntersec71_US" node="0>0|2|6|2|6|1" />
  <i3dMapping id="tensionBeltIntersec72_US" node="0>0|2|6|2|6|2" />
  <i3dMapping id="tensionBeltStart8_US" node="0>0|2|6|2|7" />
  <i3dMapping id="tensionBeltEnd8_US" node="0>0|2|6|2|7|0" />
  <i3dMapping id="tensionBeltIntersec81_US" node="0>0|2|6|2|7|1" />
  <i3dMapping id="tensionBeltIntersec82_US" node="0>0|2|6|2|7|2" />
  <i3dMapping id="tensionBeltStart9_US" node="0>0|2|6|2|8" />
  <i3dMapping id="tensionBeltEnd9_US" node="0>0|2|6|2|8|0" />
  <i3dMapping id="tensionBeltIntersec91_US" node="0>0|2|6|2|8|1" />
  <i3dMapping id="tensionBeltIntersec92_US" node="0>0|2|6|2|8|2" />
  <i3dMapping id="visual" node="0>0|2|6|2|9" />
  <i3dMapping id="tensionBeltStart_US_0" node="0>0|2|6|2|9|0" />
  <i3dMapping id="tensionBeltEnd_US_0" node="0>0|2|6|2|9|1" />
  <i3dMapping id="tensionBeltStart_US_1" node="0>0|2|6|2|9|2" />
  <i3dMapping id="tensionBeltEnd_US_1" node="0>0|2|6|2|9|3" />
  <i3dMapping id="tensionBeltStart_US_2" node="0>0|2|6|2|9|4" />
  <i3dMapping id="tensionBeltEnd_US_2" node="0>0|2|6|2|9|5" />
  <i3dMapping id="tensionBeltStart_US_3" node="0>0|2|6|2|9|6" />
  <i3dMapping id="tensionBeltEnd_US_3" node="0>0|2|6|2|9|7" />
  <i3dMapping id="tensionBeltStart_US_4" node="0>0|2|6|2|9|8" />
  <i3dMapping id="tensionBeltEnd_US_4" node="0>0|2|6|2|9|9" />
  <i3dMapping id="tensionBeltStart_US_5" node="0>0|2|6|2|9|10" />
  <i3dMapping id="tensionBeltEnd_US_5" node="0>0|2|6|2|9|11" />
  <i3dMapping id="tensionBeltStart_US_6" node="0>0|2|6|2|9|12" />
  <i3dMapping id="tensionBeltEnd_US_6" node="0>0|2|6|2|9|13" />
  <i3dMapping id="tensionBeltStart_US_7" node="0>0|2|6|2|9|14" />
  <i3dMapping id="tensionBeltEnd_US_7" node="0>0|2|6|2|9|15" />
  <i3dMapping id="dynamicMountTrigger" node="0>0|2|7" />
  <i3dMapping id="pallets_grp" node="0>0|2|8" />
  <i3dMapping id="multi_pallets_grp" node="0>0|2|8|0" />
  <i3dMapping id="euroPalletVis1" node="0>0|2|8|0|0" />
  <i3dMapping id="euroPalletBox_0" node="0>0|2|8|0|0|0" />
  <i3dMapping id="euroPalletVis2" node="0>0|2|8|0|1" />
  <i3dMapping id="euroPalletBox_1" node="0>0|2|8|0|1|0" />
  <i3dMapping id="euroPalletVis3" node="0>0|2|8|0|2" />
  <i3dMapping id="euroPalletBox_2" node="0>0|2|8|0|2|0" />
  <i3dMapping id="euroPalletVis4" node="0>0|2|8|0|3" />
  <i3dMapping id="euroPalletBox_3" node="0>0|2|8|0|3|0" />
  <i3dMapping id="euroPalletVis5" node="0>0|2|8|0|4" />
  <i3dMapping id="euroPalletBox_4" node="0>0|2|8|0|4|0" />
  <i3dMapping id="euroPalletVis6" node="0>0|2|8|0|5" />
  <i3dMapping id="euroPalletBox_5" node="0>0|2|8|0|5|0" />
  <i3dMapping id="euroPalletVis7" node="0>0|2|8|0|6" />
  <i3dMapping id="euroPalletBox_6" node="0>0|2|8|0|6|0" />
  <i3dMapping id="euroPalletVis8" node="0>0|2|8|0|7" />
  <i3dMapping id="euroPalletBox_7" node="0>0|2|8|0|7|0" />
  <i3dMapping id="euroPalletVis9" node="0>0|2|8|0|8" />
  <i3dMapping id="euroPalletBox_8" node="0>0|2|8|0|8|0" />
  <i3dMapping id="euroPalletVis10" node="0>0|2|8|0|9" />
  <i3dMapping id="euroPalletBox_9" node="0>0|2|8|0|9|0" />
  <i3dMapping id="euroPalletVis11" node="0>0|2|8|0|10" />
  <i3dMapping id="euroPalletBox_10" node="0>0|2|8|0|10|0" />
  <i3dMapping id="euroPalletVis12" node="0>0|2|8|0|11" />
  <i3dMapping id="euroPalletBox_11" node="0>0|2|8|0|11|0" />
  <i3dMapping id="euroPalletVis13" node="0>0|2|8|0|12" />
  <i3dMapping id="euroPalletBox_12" node="0>0|2|8|0|12|0" />
  <i3dMapping id="euroPalletVis14" node="0>0|2|8|0|13" />
  <i3dMapping id="euroPalletBox_13" node="0>0|2|8|0|13|0" />
  <i3dMapping id="euroPalletVis15" node="0>0|2|8|0|14" />
  <i3dMapping id="euroPalletBox_14" node="0>0|2|8|0|14|0" />
  <i3dMapping id="euroPalletVis16" node="0>0|2|8|0|15" />
  <i3dMapping id="euroPalletBox_15" node="0>0|2|8|0|15|0" />
  <i3dMapping id="euroPalletVis17" node="0>0|2|8|0|16" />
  <i3dMapping id="euroPalletBox_16" node="0>0|2|8|0|16|0" />
  <i3dMapping id="euroPalletVis18" node="0>0|2|8|0|17" />
  <i3dMapping id="euroPalletBox_17" node="0>0|2|8|0|17|0" />
  <i3dMapping id="unloadingPallets" node="0>0|2|8|1" />
  <i3dMapping id="triggers" node="0>0|2|8|2" />
  <i3dMapping id="jointNode" node="0>0|2|8|2|0" />
  <i3dMapping id="fillTrigger" node="0>0|2|8|2|1" />
  <i3dMapping id="dischargeTrigger" node="0>0|2|8|2|2" />
  <i3dMapping id="exactFillRootNode" node="0>0|2|8|2|3" />
  <i3dMapping id="collisions_pallets" node="0>0|2|8|3" />
  <i3dMapping id="GroupName_0" node="0>0|2|8|3|0" />
  <i3dMapping id="col_box_0" node="0>0|2|8|3|0|0" />
  <i3dMapping id="GroupName_1" node="0>0|2|8|3|1" />
  <i3dMapping id="col_box_1" node="0>0|2|8|3|1|0" />
  <i3dMapping id="GroupName_2" node="0>0|2|8|3|2" />
  <i3dMapping id="col_box_2" node="0>0|2|8|3|2|0" />
  <i3dMapping id="GroupName_3" node="0>0|2|8|3|3" />
  <i3dMapping id="col_box_3" node="0>0|2|8|3|3|0" />
  <i3dMapping id="GroupName_4" node="0>0|2|8|3|4" />
  <i3dMapping id="col_box_4" node="0>0|2|8|3|4|0" />
  <i3dMapping id="GroupName_5" node="0>0|2|8|3|5" />
  <i3dMapping id="col_box_5" node="0>0|2|8|3|5|0" />
  <i3dMapping id="GroupName_6" node="0>0|2|8|3|6" />
  <i3dMapping id="col_box_6" node="0>0|2|8|3|6|0" />
  <i3dMapping id="GroupName_7" node="0>0|2|8|3|7" />
  <i3dMapping id="col_box_7" node="0>0|2|8|3|7|0" />
  <i3dMapping id="GroupName_8" node="0>0|2|8|3|8" />
  <i3dMapping id="col_box_8" node="0>0|2|8|3|8|0" />
  <i3dMapping id="GroupName_9" node="0>0|2|8|3|9" />
  <i3dMapping id="col_box_9" node="0>0|2|8|3|9|0" />
  <i3dMapping id="GroupName_10" node="0>0|2|8|3|10" />
  <i3dMapping id="col_box_10" node="0>0|2|8|3|10|0" />
  <i3dMapping id="GroupName_11" node="0>0|2|8|3|11" />
  <i3dMapping id="col_box_11" node="0>0|2|8|3|11|0" />
  <i3dMapping id="GroupName_12" node="0>0|2|8|3|12" />
  <i3dMapping id="col_box_12" node="0>0|2|8|3|12|0" />
  <i3dMapping id="GroupName_13" node="0>0|2|8|3|13" />
  <i3dMapping id="col_box_13" node="0>0|2|8|3|13|0" />
  <i3dMapping id="GroupName_14" node="0>0|2|8|3|14" />
  <i3dMapping id="col_box_14" node="0>0|2|8|3|14|0" />
  <i3dMapping id="GroupName_15" node="0>0|2|8|3|15" />
  <i3dMapping id="col_box_15" node="0>0|2|8|3|15|0" />
  <i3dMapping id="GroupName_16" node="0>0|2|8|3|16" />
  <i3dMapping id="col_box_16" node="0>0|2|8|3|16|0" />
  <i3dMapping id="stripes_platform" node="0>0|2|9" />
  <i3dMapping id="attachers_parts" node="0>0|3" />
  <i3dMapping id="attacher_bumperpull" node="0>0|3|0" />
  <i3dMapping id="col_bp1" node="0>0|3|0|0" />
  <i3dMapping id="col_bp2" node="0>0|3|0|1" />
  <i3dMapping id="bumperpullAttacherJoint" node="0>0|3|0|2" />
  <i3dMapping id="stripes_bp" node="0>0|3|0|3" />
  <i3dMapping id="lizard_logo_bp" node="0>0|3|0|4" />
  <i3dMapping id="electric_bp" node="0>0|3|0|5" />
  <i3dMapping id="attacher_gooseneck" node="0>0|3|1" />
  <i3dMapping id="gooseneck_decals" node="0>0|3|1|0" />
  <i3dMapping id="gooseneck_attacher" node="0>0|3|1|1" />
  <i3dMapping id="gooseneckAttacherJoint" node="0>0|3|1|1|0" />
  <i3dMapping id="col_gn1" node="0>0|3|1|2" />
  <i3dMapping id="col_gn2" node="0>0|3|1|3" />
  <i3dMapping id="extinguisher" node="0>0|3|1|4" />
  <i3dMapping id="decals_gn" node="0>0|3|1|5" />
  <i3dMapping id="tipit_logo_gn" node="0>0|3|1|5|0" />
  <i3dMapping id="lizard_logo_gn" node="0>0|3|1|5|1" />
  <i3dMapping id="stripes_gn" node="0>0|3|1|6" />
  <i3dMapping id="electric" node="0>0|3|1|7" />
  <i3dMapping id="electric_detached" node="0>0|3|1|7|0" />
  <i3dMapping id="electric_connector" node="0>0|3|1|7|0|0" />
  <i3dMapping id="mudflap_FL_ref" node="0>0|4" />
  <i3dMapping id="mudflap_FR_ref" node="0>0|5" />
  <i3dMapping id="mudflap_RL_ref" node="0>0|6" />
  <i3dMapping id="mudflap_RR_ref" node="0>0|7" />
  <i3dMapping id="component2_joint" node="0>0|8" />
  <i3dMapping id="component3_joint" node="0>0|9" />
  <i3dMapping id="winch_small" node="0>0|10" />
  <i3dMapping id="winch_0" node="0>0|10|0" />
  <i3dMapping id="winch_cable" node="0>0|10|1" />
  <i3dMapping id="winch_1" node="0>0|10|2" />
  <i3dMapping id="winchTrigger" node="0>0|10|2|0" />
  <i3dMapping id="winchRopeNode" node="0>0|10|2|1" />
  <i3dMapping id="winchRope_detached" node="0>0|10|2|2" />
  <i3dMapping id="collisions" node="0>1" />
  <i3dMapping id="col_platform_floor" node="0>1|0" />
  <i3dMapping id="col_platform_tail" node="0>1|1" />
  <i3dMapping id="trailer_maincomponent2" node="1>" />
  <i3dMapping id="wheelFrontLeft" node="1>0" />
  <i3dMapping id="axle1" node="1>0|0" />
  <i3dMapping id="joint3" node="1>0|1" />
  <i3dMapping id="joint5" node="1>0|2" />
  <i3dMapping id="wheelFrontLeftDrive" node="1>0|3" />
  <i3dMapping id="wheelFrontLeftHub" node="1>0|3|0" />
  <i3dMapping id="wheelFrontLeftHub1" node="1>0|3|1" />
  <i3dMapping id="wheelMiddleLeft" node="1>1" />
  <i3dMapping id="axle2" node="1>1|0" />
  <i3dMapping id="joint11" node="1>1|1" />
  <i3dMapping id="joint9" node="1>1|2" />
  <i3dMapping id="wheelMiddleLeftDrive" node="1>1|3" />
  <i3dMapping id="wheelMiddleLeftHub" node="1>1|3|0" />
  <i3dMapping id="wheelMiddleLeftHub1" node="1>1|3|1" />
  <i3dMapping id="trailer_maincomponent3" node="2>" />
  <i3dMapping id="wheelFrontRight" node="2>0" />
  <i3dMapping id="axle1_ref" node="2>0|0" />
  <i3dMapping id="wheelFrontRightDrive" node="2>0|1" />
  <i3dMapping id="wheelFrontRightHub" node="2>0|1|0" />
  <i3dMapping id="wheelFrontRightHub1" node="2>0|1|1" />
  <i3dMapping id="wheelMiddleRight" node="2>1" />
  <i3dMapping id="axle2_ref" node="2>1|0" />
  <i3dMapping id="wheelMiddleRightDrive" node="2>1|1" />
  <i3dMapping id="wheelMiddleRightHub" node="2>1|1|0" />
  <i3dMapping id="wheelMiddleRightHub1" node="2>1|1|1" />
  <i3dMapping id="mudflap_FL" node="3>" />
  <i3dMapping id="mudflap_FL_mesh" node="3>0" />
  <i3dMapping id="mudflap_FR" node="4>" />
  <i3dMapping id="mudflap_FR_mesh" node="4>0" />
  <i3dMapping id="mudflap_RL" node="5>" />
  <i3dMapping id="mudflap_RL_mesh" node="5>0" />
  <i3dMapping id="mudflap_RR" node="6>" />
  <i3dMapping id="mudflap_RR_mesh" node="6>0" />
</i3dMappings>

</vehicle>
