﻿<?xml version="1.0" encoding="utf-8" standalone="no" ?>
<vehicle type="trailer" xmlns:xsi="http://www.w3.org/2001/XMLSchema-instance" xsi:noNamespaceSchemaLocation="../../../../shared/xml/schema/vehicle.xsd">
    <annotation>Copyright (C) GIANTS Software GmbH, All Rights Reserved.</annotation>

    <storeData>
		<name>
			<en>20Ft Gooseneck Tipper Trailer</en>
			<de>20ft Schwanenhals Kippauflieger</de>
			<es>Volquete de 20 piés</es>
		</name>
        <specs>
            <combination filterCategory="trucks" />
            <combination xmlFilename="$data/vehicles/krampe/dolly10L/dolly10L.xml"/>
        </specs>
        <functions>
            <function>$l10n_function_tipper</function>
            <function>$l10n_function_semiTrailer</function>
        </functions>
        <image>store/modStore_tipper.dds</image>
        <price>9500</price>
        <lifetime>600</lifetime>
        <rotation>0</rotation>
        <brand>LIZARDLOGISTICS</brand>
        <category>trailers</category>
        <shopTranslationOffset>0 -0.04 0</shopTranslationOffset>
        <shopRotationOffset>-0.77 0 0</shopRotationOffset>
        <vertexBufferMemoryUsage>1408000</vertexBufferMemoryUsage>
        <indexBufferMemoryUsage>224768</indexBufferMemoryUsage>
        <textureMemoryUsage>4259840</textureMemoryUsage>
        <audioMemoryUsage>0</audioMemoryUsage>
        <instanceVertexBufferMemoryUsage>0</instanceVertexBufferMemoryUsage>
        <instanceIndexBufferMemoryUsage>0</instanceIndexBufferMemoryUsage>
    </storeData>
    
	<base>
        <typeDesc>$l10n_typeDesc_tipper</typeDesc>
        <filename>20ftGooseneckTipper.i3d</filename>
        <size width="3" length="12" lengthOffset="0.5"/>
        <components maxMass="18500">
            <component centerOfMass="0 0.58 -2" solverIterationCount="30" mass="3881"/>
			<component centerOfMass="0 0 0" solverIterationCount="10" mass="650" />			
			<component centerOfMass="0 0 0" solverIterationCount="10" mass="650" />
			<component centerOfMass="0 -0.2 0" solverIterationCount="10" mass="3" />
			<component centerOfMass="0 -0.2 0" solverIterationCount="10" mass="3" />
			<component centerOfMass="0 -0.2 0" solverIterationCount="10" mass="3" />
			<component centerOfMass="0 -0.2 0" solverIterationCount="10" mass="3" />
			
            <joint component1="1" component2="2" node="component2_joint" rotLimit="5 0 0" transLimit="0 0 0"/>
            <joint component1="1" component2="3" node="component3_joint" rotLimit="5 0 0" transLimit="0 0 0"/>
			<joint component1="1" component2="4" node="mudflap_FL_ref" rotLimit="8 0 0" transLimit="0 0 0" />
			<joint component1="1" component2="5" node="mudflap_FR_ref" rotLimit="8 0 0" transLimit="0 0 0" />
			<joint component1="1" component2="6" node="mudflap_RL_ref" rotLimit="8 0 0" transLimit="0 0 0" />
			<joint component1="1" component2="7" node="mudflap_RR_ref" rotLimit="8 0 0" transLimit="0 0 0" />
        </components>
        <schemaOverlay attacherJointPosition="0 0" name="IMPLEMENT" />
        <mapHotspot type="TRAILER" />
        <sounds volumeFactor="1.7"/>
    </base>
	
	<configurationSets>
        <configurationSet name="$l10n_configuration_cap_basic">
			<configuration name="fillUnit" index="1" />
			<configuration name="fillVolume" index="1" />
			<configuration name="folding" index="1" />
			<configuration name="trailer" index="1" />
        </configurationSet>
		<configurationSet name="$l10n_configuration_cap_ext">
			<configuration name="fillUnit" index="2" />
			<configuration name="fillVolume" index="2" />
			<configuration name="cover" index="1" />
			<configuration name="folding" index="2" />
			<configuration name="trailer" index="1" />
        </configurationSet>
		<configurationSet name="$l10n_configuration_cap_ext2">
			<configuration name="fillUnit" index="2" />
			<configuration name="fillVolume" index="2" />
			<configuration name="cover" index="1" />
			<configuration name="folding" index="2" />
			<configuration name="trailer" index="1" />
        </configurationSet>
		<configurationSet name="$l10n_configuration_unreal">
			<configuration name="fillUnit" index="3" />
			<configuration name="fillVolume" index="2" />
			<configuration name="cover" index="1" />
			<configuration name="folding" index="1" />
			<configuration name="trailer" index="2" />
        </configurationSet>
	</configurationSets>
	
	<design2Configurations title="$l10n_configuration_mudflaps">					// MUDGUARDS
		<design2Configuration name="$l10n_configuration_valueDefault" price="0">
		</design2Configuration>
		<design2Configuration name="$l10n_configuration_rear" price="800">
			<objectChange node="mudflaps_mount_1" visibilityActive="true" visibilityInactive="false" />
			<objectChange node="mudflap_RL_mesh" visibilityActive="true" visibilityInactive="false" />
			<objectChange node="mudflap_RR_mesh" visibilityActive="true" visibilityInactive="false" />
		</design2Configuration>
		<design2Configuration name="$l10n_configuration_both" price="1200">
			<objectChange node="mudflaps_mount_0" visibilityActive="true" visibilityInactive="false" />
			<objectChange node="mudflap_FL_mesh" visibilityActive="true" visibilityInactive="false" />
			<objectChange node="mudflap_FR_mesh" visibilityActive="true" visibilityInactive="false" />
			<objectChange node="mudflaps_mount_1" visibilityActive="true" visibilityInactive="false" />
			<objectChange node="mudflap_RL_mesh" visibilityActive="true" visibilityInactive="false" />
			<objectChange node="mudflap_RR_mesh" visibilityActive="true" visibilityInactive="false" />
		</design2Configuration>
	</design2Configurations>
	
	<design3Configurations title="$l10n_configuration_decals">
		<design3Configuration name="$l10n_configuration_valueNo" price="0">
		</design3Configuration>
        <design3Configuration name="$l10n_configuration_valueYes" price="100">
			<objectChange node="decals_gn" visibilityActive="true" visibilityInactive="false" />
			<objectChange node="tipit_logo_gn" visibilityActive="true" visibilityInactive="false" />
			<objectChange node="lizard_logo_bp" visibilityActive="true" visibilityInactive="false" />
		</design3Configuration>
	</design3Configurations>
	
    <wheels>
        <wheelConfigurations>
			<wheelConfiguration name="$l10n_configuration_valueDefault" 		price="0" brand="CONTINENTAL" >
                <wheels>
                    <wheel filename="wheels/265_70R19_5.xml" configId="dual" isLeft="true" hasTireTracks="true" >
                        <physics tipOcclusionAreaGroupId="1" restLoad="1.2" repr="wheelFrontLeft" driveNode="wheelFrontLeftDrive" forcePointRatio="0.5" initialCompression="10" suspTravel="0.075" spring="150" damper="80" yOffset="-0.012" />
                        <tire isCareWheel="false"/>
                        <additionalWheel filename="wheels/265_70R19_5.xml" configId="dual" isLeft="true" offset="-0.15" />
                        <innerRim filename="$data/shared/wheels/hubs/hubTrucks.i3d" nodeLeft="7|0" widthAndDiam="15 19" offset="0.16" />
                    </wheel>
                    <wheel filename="wheels/265_70R19_5.xml" configId="dual" isLeft="false" hasTireTracks="true" >
                        <physics tipOcclusionAreaGroupId="1" restLoad="1.2" repr="wheelFrontRight" driveNode="wheelFrontRightDrive" forcePointRatio="0.5" initialCompression="10" suspTravel="0.075" spring="150" damper="80" yOffset="-0.012" />
                        <tire isCareWheel="false"/>
                        <additionalWheel filename="wheels/265_70R19_5.xml" configId="dual" isLeft="false" offset="-0.15" />
                        <innerRim filename="$data/shared/wheels/hubs/hubTrucks.i3d" nodeRight="7|1" widthAndDiam="15 19" offset="0.16" />
                    </wheel>
                    <wheel filename="wheels/265_70R19_5.xml" configId="dual" isLeft="true" >
                        <physics tipOcclusionAreaGroupId="1" restLoad="1.2" repr="wheelMiddleLeft" driveNode="wheelMiddleLeftDrive" forcePointRatio="0.5" initialCompression="10" suspTravel="0.075" spring="150" damper="80" yOffset="0.0065" />
                        <tire isCareWheel="false"/>
                        <additionalWheel filename="wheels/265_70R19_5.xml" configId="dual" isLeft="true" offset="-0.15" />
                        <innerRim filename="$data/shared/wheels/hubs/hubTrucks.i3d" nodeLeft="7|0" widthAndDiam="15 19" offset="0.16" />
                    </wheel>
                    <wheel filename="wheels/265_70R19_5.xml" configId="dual" isLeft="false" >
                        <physics tipOcclusionAreaGroupId="1" restLoad="1.2" repr="wheelMiddleRight" driveNode="wheelMiddleRightDrive" forcePointRatio="0.5" initialCompression="10" suspTravel="0.075" spring="150" damper="80" yOffset="0.0065" />
                        <tire isCareWheel="false"/>
                        <additionalWheel filename="wheels/265_70R19_5.xml" configId="dual" isLeft="false" offset="-0.15" />
                        <innerRim filename="$data/shared/wheels/hubs/hubTrucks.i3d" nodeRight="7|1" widthAndDiam="15 19" offset="0.16" />
                    </wheel>
                </wheels>
            </wheelConfiguration>
			<wheelConfiguration name="$l10n_configuration_valueDefault" 		price="0" brand="CONTINENTAL" >
                <wheels>
                    <wheel filename="wheels/265_70R19_5_HCS.xml" configId="dual" isLeft="true" hasTireTracks="true" >
                        <physics tipOcclusionAreaGroupId="1" restLoad="1.2" repr="wheelFrontLeft" driveNode="wheelFrontLeftDrive"    forcePointRatio="0.5" initialCompression="10" suspTravel="0.075" spring="150" damper="80" yOffset="-0.012" />
                        <tire isCareWheel="false"/>
                        <additionalWheel filename="wheels/265_70R19_5_HCS.xml" configId="dual" isLeft="true" offset="-0.13" />
                        <innerRim filename="$data/shared/wheels/hubs/hubTrucks.i3d" nodeLeft="7|0" widthAndDiam="15 17" offset="0.16" />
                    </wheel>
                    <wheel filename="wheels/265_70R19_5_HCS.xml" configId="dual" isLeft="false" hasTireTracks="true" >
                        <physics tipOcclusionAreaGroupId="1" restLoad="1.2" repr="wheelFrontRight" driveNode="wheelFrontRightDrive"  forcePointRatio="0.5" initialCompression="10" suspTravel="0.075" spring="150" damper="80" yOffset="-0.012" />
                        <tire isCareWheel="false"/>
                        <additionalWheel filename="wheels/265_70R19_5_HCS.xml" configId="dual" isLeft="false" offset="-0.13" />
                        <innerRim filename="$data/shared/wheels/hubs/hubTrucks.i3d" nodeRight="7|1" widthAndDiam="15 17" offset="0.16" />
                    </wheel>
                    <wheel filename="wheels/265_70R19_5_HCS.xml" configId="dual" isLeft="true" >
                        <physics tipOcclusionAreaGroupId="1" restLoad="1.2" repr="wheelMiddleLeft" driveNode="wheelMiddleLeftDrive"   forcePointRatio="0.5" initialCompression="10" suspTravel="0.075" spring="150" damper="80" yOffset="0.0065" />
                        <tire isCareWheel="false"/>
                        <additionalWheel filename="wheels/265_70R19_5_HCS.xml" configId="dual" isLeft="true" offset="-0.13" />
                        <innerRim filename="$data/shared/wheels/hubs/hubTrucks.i3d" nodeLeft="7|0" widthAndDiam="15 17" offset="0.16" />
                    </wheel>
                    <wheel filename="wheels/265_70R19_5_HCS.xml" configId="dual" isLeft="false" >
                        <physics tipOcclusionAreaGroupId="1" restLoad="1.2" repr="wheelMiddleRight" driveNode="wheelMiddleRightDrive" forcePointRatio="0.5" initialCompression="10" suspTravel="0.075" spring="150" damper="80" yOffset="0.0065" />
                        <tire isCareWheel="false"/>
                        <additionalWheel filename="wheels/265_70R19_5_HCS.xml" configId="dual" isLeft="false" offset="-0.13" />
                        <innerRim filename="$data/shared/wheels/hubs/hubTrucks.i3d" nodeRight="7|1" widthAndDiam="15 17" offset="0.16" />
                    </wheel>
                </wheels>
            </wheelConfiguration>
            
			<wheelConfiguration name="$l10n_configuration_valueDefault" 		price="4500" 	brand="NOKIAN">
                <wheels autoRotateBackSpeed="2.2" differentialIndex="2">
                    <wheel filename="wheels/groundking.xml" configId="dual" isLeft="true" hasTireTracks="true" hasParticles="true" >
                        <physics rotSpeed="0"  restLoad="2.3" repr="wheelFrontLeft" driveNode="wheelFrontLeftDrive" 							forcePointRatio="0.5" initialCompression="15" suspTravel="0.08"  spring="135" damper="25" frictionScale="4" />
                        <tire tireTrackAtlasIndex="2" />
						<additionalWheel filename="wheels/groundking.xml" configId="addtire" isLeft="true" offset="0.1"/>
                    </wheel>
                    <wheel filename="wheels/groundking.xml" configId="dual" isLeft="false" hhasTireTracks="true" asParticles="true" >
                        <physics rotSpeed="0"  restLoad="2.3" repr="wheelFrontRight" driveNode="wheelFrontRightDrive"							forcePointRatio="0.5" initialCompression="15" suspTravel="0.08"  spring="135" damper="25" frictionScale="4" />
                        <tire tireTrackAtlasIndex="2" />
						<additionalWheel filename="wheels/groundking.xml" configId="addtire" isLeft="false" offset="0.1"/>
                    </wheel>
                    <wheel filename="wheels/groundking.xml" configId="dual" isLeft="true" hasTireTracks="true" hasParticles="true" >
                        <physics rotSpeed="0" restLoad="1.2" repr="wheelMiddleLeft" driveNode="wheelMiddleLeftDrive" 							forcePointRatio="0.5" initialCompression="15" suspTravel="0.08"  spring="135" damper="25" frictionScale="4" />
                        <tire tireTrackAtlasIndex="2" />
						<additionalWheel filename="wheels/groundking.xml" configId="addtire" isLeft="true" offset="0.1"/>
                    </wheel>
                    <wheel filename="wheels/groundking.xml" configId="dual" isLeft="false" hasTireTracks="true" hasParticles="true" >
                        <physics rotSpeed="0" restLoad="1.2" repr="wheelMiddleRight" driveNode="wheelMiddleRightDrive"							forcePointRatio="0.5" initialCompression="15" suspTravel="0.08"  spring="135" damper="25" frictionScale="4" />
						<tire tireTrackAtlasIndex="2" />                        
						<additionalWheel filename="wheels/groundking.xml" configId="addtire" isLeft="false" offset="0.1"/>
                    </wheel>
                </wheels>
            </wheelConfiguration>
			<wheelConfiguration name="$l10n_configuration_valueWheelBroad" 		price="5500" 	brand="NOKIAN">
                <wheels autoRotateBackSpeed="2.2" differentialIndex="2">
                    <wheel filename="wheels/groundking.xml" configId="supersingle" isLeft="true" hasTireTracks="true" hasParticles="true" >
                        <physics rotSpeed="0"  restLoad="2.3" repr="wheelFrontLeft" driveNode="wheelFrontLeftDrive" 							forcePointRatio="0.5" initialCompression="15" suspTravel="0.08"  spring="135" damper="25" frictionScale="3" />
                    </wheel>
                    <wheel filename="wheels/groundking.xml" configId="supersingle" isLeft="false" hhasTireTracks="true" asParticles="true" >
                        <physics rotSpeed="0"  restLoad="2.3" repr="wheelFrontRight" driveNode="wheelFrontRightDrive"							forcePointRatio="0.5" initialCompression="15" suspTravel="0.08"  spring="135" damper="25" frictionScale="3" />
                    </wheel>
                    <wheel filename="wheels/groundking.xml" configId="supersingle" isLeft="true" hasTireTracks="true" hasParticles="true" >
                        <physics rotSpeed="0" restLoad="1.2" repr="wheelMiddleLeft" driveNode="wheelMiddleLeftDrive" 							forcePointRatio="0.5" initialCompression="15" suspTravel="0.08"  spring="135" damper="25" frictionScale="3" />
                    </wheel>
                    <wheel filename="wheels/groundking.xml" configId="supersingle" isLeft="false" hasTireTracks="true" hasParticles="true" >
                        <physics rotSpeed="0" restLoad="1.2" repr="wheelMiddleRight" driveNode="wheelMiddleRightDrive"							forcePointRatio="0.5" initialCompression="15" suspTravel="0.08"  spring="135" damper="25" frictionScale="3" />
                    </wheel>
                </wheels>
				
				<objectChange node="wheelFrontLeftDrive" 	translationActive="0.15 0 0" translationInactive="0 0 0" />
				<objectChange node="wheelMiddleLeftDrive" 	translationActive="0.15 0 0" translationInactive="0 0 0" />
				<objectChange node="wheelFrontRightDrive" 	translationActive="-0.15 0 0" translationInactive="0 0 0" />
				<objectChange node="wheelMiddleRightDrive" 	translationActive="-0.15 0 0" translationInactive="0 0 0" />
            </wheelConfiguration>
			
			<wheelConfiguration name="$l10n_configuration_valueDefault" 		price="4000" 	brand="VREDESTEIN">
				<wheels autoRotateBackSpeed="2.2" differentialIndex="2">
                    <wheel filename="$data/shared/wheels/tires/vredestein/flotationTrac/480_45R17.xml" isLeft="true" hasParticles="true" >
                        <physics rotSpeed="0"  restLoad="2.3" repr="wheelFrontLeft" driveNode="wheelFrontLeftDrive" linkNode="wheelFrontLeftHub1" forcePointRatio="0.5" initialCompression="15" suspTravel="0.08"  spring="135" damper="25" frictionScale="4" />
                        <tire tireTrackAtlasIndex="2" />
                    </wheel>
                    <wheel filename="$data/shared/wheels/tires/vredestein/flotationTrac/480_45R17.xml" isLeft="false" hasParticles="true" >
                        <physics rotSpeed="0"  restLoad="2.3" repr="wheelFrontRight" driveNode="wheelFrontRightDrive" linkNode="wheelFrontRightHub1" forcePointRatio="0.5" initialCompression="15" suspTravel="0.08"  spring="135" damper="25" frictionScale="4" />
                        <tire tireTrackAtlasIndex="2" />
                    </wheel>
                    <wheel filename="$data/shared/wheels/tires/vredestein/flotationTrac/480_45R17.xml" isLeft="true"  hasTireTracks="true" hasParticles="true" >
                        <physics rotSpeed="0" restLoad="1.2" repr="wheelMiddleLeft" driveNode="wheelMiddleLeftDrive" linkNode="wheelMiddleLeftHub1" forcePointRatio="0.5" initialCompression="15" suspTravel="0.08"  spring="135" damper="25" frictionScale="4" />
                        <tire tireTrackAtlasIndex="2" />
                    </wheel>
                    <wheel filename="$data/shared/wheels/tires/vredestein/flotationTrac/480_45R17.xml" isLeft="false"  hasTireTracks="true" hasParticles="true" >
                        <tire tireTrackAtlasIndex="2" />
                        <physics rotSpeed="0" restLoad="1.2" repr="wheelMiddleRight" driveNode="wheelMiddleRightDrive" linkNode="wheelMiddleRightHub1" forcePointRatio="0.5" initialCompression="15" suspTravel="0.08"  spring="135" damper="25" frictionScale="4" />
                    </wheel>
                </wheels>
				
				<objectChange node="wheelFrontLeftDrive" 	translationActive="0.16 0 0" translationInactive="0 0 0" />
				<objectChange node="wheelMiddleLeftDrive" 	translationActive="0.16 0 0" translationInactive="0 0 0" />
				<objectChange node="wheelFrontRightDrive" 	translationActive="-0.16 0 0" translationInactive="0 0 0" />
				<objectChange node="wheelMiddleRightDrive" 	translationActive="-0.16 0 0" translationInactive="0 0 0" />
								
				<objectChange node="wheelFrontLeftHub1"		visibilityActive="true" 	visibilityInactive="false" />
				<objectChange node="wheelFrontRightHub1"	visibilityActive="true" 	visibilityInactive="false" />
				<objectChange node="wheelMiddleLeftHub1"	visibilityActive="true" 	visibilityInactive="false" />
				<objectChange node="wheelMiddleRightHub1"	visibilityActive="true" 	visibilityInactive="false" />
            </wheelConfiguration>
			<wheelConfiguration name="$l10n_configuration_valueWheelBroad" 		price="5000" 	brand="VREDESTEIN">
                <wheels autoRotateBackSpeed="2.2" differentialIndex="2">
                    <wheel filename="$data/shared/wheels/tires/vredestein/endurion/400_70R18.xml" isLeft="true" hasParticles="true" >
                        <physics rotSpeed="0"  restLoad="2.3" repr="wheelFrontLeft" driveNode="wheelFrontLeftDrive" linkNode="wheelFrontLeftHub1" 	forcePointRatio="0.5" initialCompression="15" suspTravel="0.08"  spring="135" damper="25" frictionScale="4" />
                        <tire tireTrackAtlasIndex="2" />
                    </wheel>
                    <wheel filename="$data/shared/wheels/tires/vredestein/endurion/400_70R18.xml" isLeft="false" hasParticles="true" >
                        <physics rotSpeed="0"  restLoad="2.3" repr="wheelFrontRight" driveNode="wheelFrontRightDrive" linkNode="wheelFrontRightHub1" forcePointRatio="0.5" initialCompression="15" suspTravel="0.08"  spring="135" damper="25" frictionScale="4" />
                        <tire tireTrackAtlasIndex="2" />
                    </wheel>
                    <wheel filename="$data/shared/wheels/tires/vredestein/endurion/400_70R18.xml" isLeft="true" hasTireTracks="true" hasParticles="true" >
                        <physics rotSpeed="0" restLoad="1.2" repr="wheelMiddleLeft" driveNode="wheelMiddleLeftDrive" linkNode="wheelMiddleLeftHub1"  forcePointRatio="0.5" initialCompression="15" suspTravel="0.08"  spring="135" damper="25" frictionScale="4" />
                        <tire tireTrackAtlasIndex="2" />
                    </wheel>
                    <wheel filename="$data/shared/wheels/tires/vredestein/endurion/400_70R18.xml" isLeft="false" hasTireTracks="true" hasParticles="true" >
                        <tire tireTrackAtlasIndex="2" />
                        <physics rotSpeed="0" restLoad="1.2" repr="wheelMiddleRight" driveNode="wheelMiddleRightDrive" linkNode="wheelMiddleRightHub1" forcePointRatio="0.5" initialCompression="15" suspTravel="0.08"  spring="135" damper="25" frictionScale="4" />
                    </wheel>
                </wheels>
				
				<objectChange node="trailer_maincomponent2" 	translationActive="0.887 0.500 -2.172" 	translationInactive="0.887 0.531 -2.172" />
				<objectChange node="component2_joint" 			translationActive="0.887 0.500 -2.172"	translationInactive="0.887 0.531 -2.172" />
				<objectChange node="trailer_maincomponent3" 	translationActive="-0.887 0.500 -2.172" translationInactive="-0.887 0.531 -2.172" />
				<objectChange node="component3_joint" 			translationActive="-0.887 0.500 -2.172" translationInactive="-0.887 0.531 -2.172" />
				
				<objectChange node="wheelFrontLeftDrive" 	translationActive="0.18 0 0" translationInactive="0 0 0" />
				<objectChange node="wheelMiddleLeftDrive" 	translationActive="0.18 0 0" translationInactive="0 0 0" />
				<objectChange node="wheelFrontRightDrive" 	translationActive="-0.18 0 0" translationInactive="0 0 0" />
				<objectChange node="wheelMiddleRightDrive" 	translationActive="-0.18 0 0" translationInactive="0 0 0" />
				
				<objectChange node="wheelFrontLeftHub1"		visibilityActive="true" 	visibilityInactive="false" />
				<objectChange node="wheelFrontRightHub1"	visibilityActive="true" 	visibilityInactive="false" />
				<objectChange node="wheelMiddleLeftHub1"	visibilityActive="true" 	visibilityInactive="false" />
				<objectChange node="wheelMiddleRightHub1"	visibilityActive="true" 	visibilityInactive="false" />
            </wheelConfiguration>
			<wheelConfiguration name="$l10n_configuration_valueWheelBroad" 		price="6000" 	brand="VREDESTEIN">
				<wheels autoRotateBackSpeed="2.2" differentialIndex="2">
                    <wheel filename="$data/shared/wheels/tires/vredestein/traxionVersa/340_80R18.xml" isLeft="true" hasParticles="true" >
                        <physics rotSpeed="0"  restLoad="2.3" repr="wheelFrontLeft" driveNode="wheelFrontLeftDrive" linkNode="wheelFrontLeftHub1" forcePointRatio="0.5" initialCompression="15" suspTravel="0.08"  spring="135" damper="25" frictionScale="4" />
                        <tire tireTrackAtlasIndex="2" />
                    </wheel>
                    <wheel filename="$data/shared/wheels/tires/vredestein/traxionVersa/340_80R18.xml" isLeft="false" hasParticles="true" >
                        <physics rotSpeed="0"  restLoad="2.3" repr="wheelFrontRight" driveNode="wheelFrontRightDrive" linkNode="wheelFrontRightHub1" forcePointRatio="0.5" initialCompression="15" suspTravel="0.08"  spring="135" damper="25" frictionScale="4" />
                        <tire tireTrackAtlasIndex="2" />
                    </wheel>
                    <wheel filename="$data/shared/wheels/tires/vredestein/traxionVersa/340_80R18.xml" isLeft="true" hasTireTracks="true" hasParticles="true" >
                        <physics rotSpeed="0" restLoad="1.2" repr="wheelMiddleLeft" driveNode="wheelMiddleLeftDrive" linkNode="wheelMiddleLeftHub1" forcePointRatio="0.5" initialCompression="15" suspTravel="0.08"  spring="135" damper="25" frictionScale="4" />
                        <tire tireTrackAtlasIndex="2" />
                    </wheel>
                    <wheel filename="$data/shared/wheels/tires/vredestein/traxionVersa/340_80R18.xml" isLeft="false" hasTireTracks="true" hasParticles="true" >
                        <tire tireTrackAtlasIndex="2" />
                        <physics rotSpeed="0" restLoad="1.2" repr="wheelMiddleRight" driveNode="wheelMiddleRightDrive" linkNode="wheelMiddleRightHub1" forcePointRatio="0.5" initialCompression="15" suspTravel="0.08"  spring="135" damper="25" frictionScale="4" />
                    </wheel>
                </wheels>
				
				<!-- <objectChange node="wheelFrontLeft" 	translationActive="0.887 0.431 -1.659" translationInactive="0.887 0.531 -1.659" />
				<objectChange node="wheelMiddleLeft" 	translationActive="0.887 0.431 -2.686" translationInactive="0.887 0.531 -2.686" />
				<objectChange node="wheelFrontRight" 	translationActive="-0.887 0.431 -1.659" translationInactive="-0.887 0.531 -1.659" />
				<objectChange node="wheelMiddleRight" 	translationActive="-0.887 0.431 -2.686" translationInactive="-0.887 0.531 -2.686" />
				 -->
				<objectChange node="wheelFrontLeftDrive" 	translationActive="0.18 0 0" translationInactive="0 0 0" />
				<objectChange node="wheelMiddleLeftDrive" 	translationActive="0.18 0 0" translationInactive="0 0 0" />
				<objectChange node="wheelFrontRightDrive" 	translationActive="-0.18 0 0" translationInactive="0 0 0" />
				<objectChange node="wheelMiddleRightDrive" 	translationActive="-0.18 0 0" translationInactive="0 0 0" />
				
				<objectChange node="wheelFrontLeftHub1"		visibilityActive="true" 	visibilityInactive="false" />
				<objectChange node="wheelFrontRightHub1"	visibilityActive="true" 	visibilityInactive="false" />
				<objectChange node="wheelMiddleLeftHub1"	visibilityActive="true" 	visibilityInactive="false" />
				<objectChange node="wheelMiddleRightHub1"	visibilityActive="true" 	visibilityInactive="false" />
            </wheelConfiguration>
		</wheelConfigurations>
        <ackermannSteeringConfigurations>
            <ackermannSteering rotSpeed="40" rotMax="45" rotCenterWheel1="3" rotCenterWheel2="4"/>
        </ackermannSteeringConfigurations>
		
		<hubs>
            <color0>0.0152 0.0152 0.0152 1</color0>
            <hub linkNode="wheelFrontLeftHub1"		filename="$data/shared/wheels/hubs/hub_n10_2.xml"     isLeft="true"  scale="0.285 0.285 0.285" />
            <hub linkNode="wheelFrontRightHub1"		filename="$data/shared/wheels/hubs/hub_n10_2.xml"     isLeft="false" scale="0.285 0.285 0.285" />
            <hub linkNode="wheelMiddleLeftHub1"		filename="$data/shared/wheels/hubs/hub_n10_2.xml"     isLeft="true"  scale="0.285 0.285 0.285" />
            <hub linkNode="wheelMiddleRightHub1"	filename="$data/shared/wheels/hubs/hub_n10_2.xml"     isLeft="false" scale="0.285 0.285 0.285" />
        </hubs>
		
    </wheels>
    
	<dynamicallyLoadedParts>
        <dynamicallyLoadedPart node="1|1" linkNode="electric_connector" filename="$data/shared/connectionHoses/connectors.i3d" />
        <dynamicallyLoadedPart node="0" linkNode="chockSupport01" filename="$data/shared/assets/wheelChocks/wheelChockSupport01.i3d"/>
        <dynamicallyLoadedPart node="0" linkNode="chockSupport02" filename="$data/shared/assets/wheelChocks/wheelChockSupport01.i3d"/>
		<dynamicallyLoadedPart node="0" linkNode="extinguisher" filename="$data/shared/assets/extinguisher.i3d"/>
		
<!-- 		<dynamicallyLoadedPart node="0" linkNode="beltStart1" filename="locals/tensionHook.i3d"/>
		<dynamicallyLoadedPart node="0" linkNode="beltStart2" filename="locals/tensionHook.i3d"/>
		<dynamicallyLoadedPart node="0" linkNode="beltStart3" filename="locals/tensionHook.i3d"/>
		<dynamicallyLoadedPart node="0" linkNode="beltStart4" filename="locals/tensionHook.i3d"/>
		<dynamicallyLoadedPart node="0" linkNode="beltStart5" filename="locals/tensionHook.i3d"/>
		<dynamicallyLoadedPart node="0" linkNode="beltStart6" filename="locals/tensionHook.i3d"/>
		<dynamicallyLoadedPart node="0" linkNode="beltStart7" filename="locals/tensionHook.i3d"/>
		<dynamicallyLoadedPart node="0" linkNode="beltEnd1" filename="locals/tensionHook.i3d"/>
		<dynamicallyLoadedPart node="0" linkNode="beltEnd2" filename="locals/tensionHook.i3d"/>
		<dynamicallyLoadedPart node="0" linkNode="beltEnd3" filename="locals/tensionHook.i3d"/>
		<dynamicallyLoadedPart node="0" linkNode="beltEnd4" filename="locals/tensionHook.i3d"/>
		<dynamicallyLoadedPart node="0" linkNode="beltEnd5" filename="locals/tensionHook.i3d"/>
		<dynamicallyLoadedPart node="0" linkNode="beltEnd6" filename="locals/tensionHook.i3d"/>
		<dynamicallyLoadedPart node="0" linkNode="beltEnd7" filename="locals/tensionHook.i3d"/>	 -->	
    </dynamicallyLoadedParts>
    
	<attachable>
		<inputAttacherJointConfigurations>
			<inputAttacherJointConfiguration name="$l10n_configuration_gooseneck" price="0">
                <inputAttacherJoint node="gooseneckAttacherJoint" jointType="semitrailer" upperRotationOffset="0"/>
				<inputAttacherJoint node="gooseneckAttacherJoint" jointType="semitrailerCar" />
				
				<objectChange node="attacher_gooseneck" visibilityActive="true" visibilityInactive="false" />
				
				<objectChange node="col_bp1" compoundChildActive="false"/>
				<objectChange node="col_bp2" compoundChildActive="false"/>
            </inputAttacherJointConfiguration>
			<inputAttacherJointConfiguration name="$l10n_configuration_bumperpull" price="-250">
				<inputAttacherJoint node="bumperpullAttacherJoint" jointType="trailer" upperRotationOffset="0"/>
                <inputAttacherJoint node="bumperpullAttacherJoint" jointType="trailerLow" upperRotationOffset="0"/>
				
				<objectChange node="attacher_bumperpull" visibilityActive="true" visibilityInactive="false" />
				
				<objectChange node="col_gn1" compoundChildActive="false"/>
				<objectChange node="col_gn2" compoundChildActive="false"/>
            </inputAttacherJointConfiguration>
        </inputAttacherJointConfigurations>
		
		<support animationName="moveSupport" delayedOnAttach="false"/>
        <brakeForce force="1.8" maxForce="3.5" maxForceMass="28000"/>
    </attachable>
    
	<connectionHoses>
        <hose inputAttacherJointIndices="1 2" type="electric" node="electric" length="0.3" diameter="0.008" straighteningFactor="2.0" isTwoPointHose="true">
            <objectChange node="electric_detached" visibilityActive="false" visibilityInactive="true"/>
        </hose>
		<hose inputAttacherJointIndices="3 4" type="electric"  node="electric_bp" length="0.3" diameter="0.008" straighteningFactor="0.5" isTwoPointHose="true" outgoingAdapter="DEFAULT" socket="electric"/>
		
		<localHose>
            <hose type="CABLE_BOUNDLE"  node="hose1_start"  length="0.03" diameter="0.015" straighteningFactor="1" isWorldSpaceHose="true" color="0 0 0 27"/>
            <target type="CABLE_BOUNDLE" node="hose1_end" straighteningFactor="0"/>
        </localHose>
		<localHose>
            <hose type="CABLE_BOUNDLE"  node="hose2_start"  length="0.03" diameter="0.015" straighteningFactor="1" isWorldSpaceHose="true" color="0 0 0 27"/>
            <target type="CABLE_BOUNDLE" node="hose2_end" straighteningFactor="0"/>
        </localHose>
		<localHose>
            <hose type="CABLE_BOUNDLE"  node="hose3_start"  length="0.05" diameter="0.015" straighteningFactor="1" isWorldSpaceHose="true" color="0 0 0 27"/>
            <target type="CABLE_BOUNDLE" node="hose3_end" straighteningFactor="0"/>
        </localHose>
		<localHose>
            <hose type="CABLE_BOUNDLE"  node="hose4_start"  length="0.05" diameter="0.015" straighteningFactor="1" isWorldSpaceHose="true" color="0 0 0 27"/>
            <target type="CABLE_BOUNDLE" node="hose4_end" straighteningFactor="0"/>
        </localHose>
    </connectionHoses>
	
	<lights>
        <sharedLight linkNode="frontLightCone_01_1" filename="$data/shared/assets/lights/lizard/frontLight02.xml"/>
        <sharedLight linkNode="frontLightCone_01_2" filename="$data/shared/assets/lights/lizard/frontLight02.xml"/>
		
        <sharedLight linkNode="sideMarker_08OrangeLeft_L1" 	filename="locals/sideMarker09Orange_left.xml"/>
		<sharedLight linkNode="sideMarker_08OrangeLeft_L2" 	filename="locals/sideMarker09Orange_left.xml"/>
		<sharedLight linkNode="sideMarker_08OrangeLeft_L3" 	filename="locals/sideMarker09Orange_left.xml"/>
		<sharedLight linkNode="sideMarker_08OrangeLeft_L4" 	filename="locals/sideMarker09Orange_left.xml"/>
		<sharedLight linkNode="sideMarker_08OrangeLeft_L5" 	filename="locals/sideMarker09Orange_left.xml"/>
		<sharedLight linkNode="sideMarker_08OrangeLeft_L6" 	filename="locals/sideMarker09Orange_left.xml"/>
		<sharedLight linkNode="sideMarker_08OrangeLeft_L7" 	filename="locals/sideMarker09Orange_left.xml"/>
		<sharedLight linkNode="sideMarker_08OrangeRight_R1" filename="locals/sideMarker09Orange_right.xml"/>
		<sharedLight linkNode="sideMarker_08OrangeRight_R2" filename="locals/sideMarker09Orange_right.xml"/>
		<sharedLight linkNode="sideMarker_08OrangeRight_R3" filename="locals/sideMarker09Orange_right.xml"/>
		<sharedLight linkNode="sideMarker_08OrangeRight_R4" filename="locals/sideMarker09Orange_right.xml"/>
		<sharedLight linkNode="sideMarker_08OrangeRight_R5" filename="locals/sideMarker09Orange_right.xml"/>
		<sharedLight linkNode="sideMarker_08OrangeRight_R6" filename="locals/sideMarker09Orange_right.xml"/>
		<sharedLight linkNode="sideMarker_08OrangeRight_R7" filename="locals/sideMarker09Orange_right.xml"/>
		
		<sharedLight linkNode="rearMultipointLight_02Left" filename="$data/shared/assets/lights/lizard/rearLight50_left.xml"/>
		<sharedLight linkNode="rearMultipointLight_02Right" filename="$data/shared/assets/lights/lizard/rearLight50_right.xml"/>
		
		<sharedLight linkNode="sideMarker_06Red_L" filename="$data/shared/assets/lights/lizard/sideMarker21Red.xml"/>
        <sharedLight linkNode="sideMarker_06Red_R" filename="$data/shared/assets/lights/lizard/sideMarker21Red.xml"/>
		
		<sharedLight linkNode="rearLightCircleRed_02_1" filename="$data/shared/assets/lights/lizard/rearLight20.xml"/>
		<sharedLight linkNode="rearLightCircleRed_02_2" filename="$data/shared/assets/lights/lizard/rearLight20_left.xml"/>
		<sharedLight linkNode="rearLightCircleRed_02_3" filename="$data/shared/assets/lights/lizard/rearLight20_right.xml"/>
		
        <realLights>
			<low>
				<light node="backLightsHigh" lightTypes="0"/>
			</low>
            <high>
                <light node="backLightsHigh" lightTypes="0"/>
                <turnLightLeft node="turnLightLeftBack"/>
                <turnLightRight node="turnLightRightBack"/>
                <brakeLight node="backLightsHigh"/>
                <reverseLight node="reverseLight"/>
            </high>
        </realLights>
    </lights>
	
    <animations>
        <animation name="moveSupport">
            <part node="landing_gear_rot" 		startTime="0" endTime="1" startScale="1 1 1" endScale="1.25 1 1"/>
            <part node="landing_gear_lever_rot" startTime="0" endTime="1" startTrans="0.831 0.655 0.098" endTrans="1.137 0.655 0.098"/>
            <part node="landing_gear_lever" 	startTime="1.01" endTime="2" startRot="-1.841 -34.505 -73.182" endRot="0 0 0"/>
			
            <part node="landing_gear_lever" 	startTime="2.01" endTime="3" startRot="0 0 0" endRot="720 0 0"/>
			<part node="landing_legs" 			startTime="2.00" endTime="3" startTrans="0 -0.137 0.11" endTrans="0 -0.665 0.11"/>
			<!-- 
			<part node="landing_gear_lever" 	startTime="2.01" endTime="2.1" startRot="0 0 0" endRot="-1.841 -34.505 -73.182"/>
            <part node="landing_gear_lever_rot" startTime="2.01" endTime="3" startTrans="1.137 0.655 0.098" endTrans="0.831 0.655 0.098"/>
            <part node="landing_gear_rot" 		startTime="2.01" endTime="3" startScale="1.25 1 1" endScale="1 1 1"/>
             -->
			<sound template="clackVar6"             startTime="0.01" direction="-1" volumeScale="1.4" pitchScale="0.8" linkNode="gooseneckAttacherJoint"/>
            <sound template="clackVar1"             startTime="0.8"  direction="1"  volumeScale="2.5" pitchScale="0.8" linkNode="gooseneckAttacherJoint"/>
			
			<sound template="clackVar6"             startTime="1.01" direction="-1" volumeScale="1.4" pitchScale="0.8" linkNode="gooseneckAttacherJoint"/>
            <sound template="clackVar1"             startTime="1.8"  direction="1"  volumeScale="2.5" pitchScale="0.8" linkNode="gooseneckAttacherJoint"/>
            <sound template="defaultHydraulicSound" startTime="1.01" endTime="1.99" volumeScale="2.5" pitchScale="0.8" linkNode="gooseneckAttacherJoint"/>
			
			<sound template="clackVar6"             startTime="1.01" direction="-1" volumeScale="1.4" pitchScale="0.8" linkNode="bumperpullAttacherJoint"/>
            <sound template="clackVar1"             startTime="1.8"  direction="1"  volumeScale="2.5" pitchScale="0.8" linkNode="bumperpullAttacherJoint"/>
            <sound template="defaultHydraulicSound" startTime="1.01" endTime="1.99" volumeScale="2.5" pitchScale="0.8" linkNode="bumperpullAttacherJoint"/>
        </animation>
		<animation name="unfoldRamps">
<!-- 			<part node="cover_grp" startTime="0" endTime="0.1" visibility="true"/>
            <part node="cover_grp" startTime="0.1" endTime="0.2" visibility="false"/> -->
			
			<part node="door_right_lock"	startTime="0" 	endTime="2"   	startRot="0 0 0"  endRot="0 180 0" />
			<part node="door_right"      	startTime="1" 	endTime="4"   	startRot="0 0 0"  endRot="0 270 0" />
			<part node="col_tipper_door_R" 	startTime="1" 	endTime="1.001" startScale="1 1 1"  endScale="0.01 1 1" />
			<part node="door_left"      	startTime="1.5"	endTime="4"   	startRot="0 0 0"  endRot="0 -270 0" />
			<part node="col_tipper_door_L" 	startTime="1.5" endTime="1.501" startScale="1 1 1"  endScale="0.01 1 1" />
			
			<part node="ramp_L"	startTime="0" endTime="1" startTrans="0.927 1.112 -2.823" endTrans="1.053 0.985 -2.823"/>
			<part node="ramp_L"	startTime="1" endTime="3" startTrans="1.053 0.985 -2.823" endTrans="1.053 0.985 -6.302"/>
			<part node="ramp_L"	startTime="3" endTime="5" startTrans="1.053 0.985 -6.302" endTrans="0.636 0.695 -6.056"/>
			<part node="ramp_L"	startTime="3" endTime="5" startRot="0 0 0"   endRot="-20 0 0"/>
			
			<part node="ramp_R"	startTime="0" endTime="1" startTrans="-0.927 1.112 -2.823" endTrans="-1.053 0.985 -2.823"/>
			<part node="ramp_R"	startTime="1" endTime="3" startTrans="-1.053 0.985 -2.823" endTrans="-1.053 0.985 -6.302"/>
			<part node="ramp_R"	startTime="3" endTime="5" startTrans="-1.053 0.985 -6.302" endTrans="-0.636 0.695 -6.056"/>
			<part node="ramp_R"	startTime="3" endTime="5" startRot="0 0 0"   endRot="-20 0 0"/>
			
			<part node="door_top"	startTime="0" endTime="1.5" startTrans="-0.675 1.478 -0.763" endTrans="-0.675 1.696 -0.763"/>
			<part node="door_top"	startTime="1.5" endTime="3" startRot="0 0 0"   endRot="0 90 0"/>
			<part node="door_top"	startTime="3" endTime="5" startTrans="-0.675 1.696 -0.763" endTrans="0.419 0.144 0.838"/>
			
			<part node="ext_rear"	startTime="0" endTime="1.5" startTrans="0 0.151 -3.924" endTrans="0 0.376 -3.662"/>
			<part node="ext_rear"	startTime="1.5" endTime="3" startTrans="0 0.376 -3.662" endTrans="0 -1.456 -3.662"/>
			<part node="ext_rear"	startTime="2.5" endTime="3" startRot="0 0 0"   			endRot="-90 0 0"/>
			
			<!-- Collisions -->
<!-- 			<part node="col_ramp_L"	startTime="0" endTime="1" startTrans="0.927 1.112 -2.823" endTrans="1.053 0.985 -2.823"/>
			<part node="col_ramp_L"	startTime="1" endTime="3" startTrans="1.053 0.985 -2.823" endTrans="1.053 0.985 -6.302"/>
			<part node="col_ramp_L"	startTime="3" endTime="5" startTrans="1.053 0.985 -6.302" endTrans="0.636 0.695 -6.056"/>
			<part node="col_ramp_L"	startTime="3" endTime="5" startRot="0 0 0"   endRot="-20 0 0"/>
			
			<part node="col_ramp_R"	startTime="0" endTime="1" startTrans="-0.927 1.112 -2.823" endTrans="-1.053 0.985 -2.823"/>
			<part node="col_ramp_R"	startTime="1" endTime="3" startTrans="-1.053 0.985 -2.823" endTrans="-1.053 0.985 -6.302"/>
			<part node="col_ramp_R"	startTime="3" endTime="5" startTrans="-1.053 0.985 -6.302" endTrans="-0.636 0.695 -6.056"/>
			<part node="col_ramp_R"	startTime="3" endTime="5" startRot="0 0 0"   endRot="-20 0 0"/> -->
			
			<!-- <part node="col_ext_back"	startTime="0" endTime="0.01" startRot="0 0 0"   endRot="90 0 0"/> -->
        </animation>
<!-- 		<animation name="workLights">
            <part node="workLight_L" startTime="0" endTime="1" startRot="-159.803 110 -180" endRot="-159.803 0 -180" />
			<part node="workLight_R" startTime="0" endTime="1" startRot="-159.803 -110 -180" endRot="-159.803 0 -180" />
        </animation> -->
		<animation name="toggleCover">
			<part node="cover_part6" 	startTime="6" endTime="7" startTrans="0 2.684 2.239" endTrans="0 2.684 3.173"/>
			<part node="cover_fabric_0"	startTime="6" endTime="7" startScale="1 1 1" endScale="1 1 0.06"/>
			
			<part node="cover_part0" 	startTime="5" endTime="7" startTrans="0 2.684 1.09" endTrans="0 2.684 3.101"/>
			<part node="cover_fabric_1"	startTime="5" endTime="7" startScale="1 1 1" endScale="1 1 0.06"/>
			
			<part node="cover_part1" 	startTime="4" endTime="7" startTrans="0 2.684 -0.057" endTrans="0 2.684 3.029"/>
			<part node="cover_fabric_2"	startTime="4" endTime="7" startScale="1 1 1" endScale="1 1 0.06"/>
			
			<part node="cover_part2" 	startTime="3" endTime="7" startTrans="0 2.684 -1.201" endTrans="0 2.684 2.954"/>
			<part node="cover_fabric_3"	startTime="3" endTime="7" startScale="1 1 1" endScale="1 1 0.06"/>
			
			<part node="cover_part3" 	startTime="2" endTime="7" startTrans="0 2.684 -2.34" endTrans="0 2.684 2.886"/>
			<part node="cover_fabric_4"	startTime="2" endTime="7" startScale="1 1 1" endScale="1 1 0.06"/>
			
			<part node="cover_part4" 	startTime="1" endTime="7" startTrans="0 2.684 -3.475" endTrans="0 2.684 2.81"/>
			<part node="cover_fabric_5"	startTime="1" endTime="7" startScale="1 1 1" endScale="1 1 0.06"/>
			
			<part node="cover_part5"	startTime="0" endTime="7" startTrans="0 2.684 -4.531" endTrans="0 2.684 2.742"/>
			<part node="cover_fabric_6"	startTime="0" endTime="7" startScale="1 1 1" endScale="1 1 0.06"/>
			
			<part node="cover_roller"	startTime="0" endTime="7" startRot="0 0 0"   endRot="359 0 0"/>
        </animation>
		<animation name="tipAnimationBack">
			<part node="door_right_lock"	startTime="0" 	endTime="2"   	startRot="0 0 0"  endRot="0 180 0" />
			<part node="door_right"      	startTime="1" 	endTime="4"   	startRot="0 0 0"  endRot="0 270 0" />
			<part node="door_left"      	startTime="1.5"	endTime="4"   	startRot="0 0 0"  endRot="0 -270 0" />
			
			<part node="dump_box_axis"      	startTime="2"	endTime="15"   	startRot="0 0 0"  endRot="-45 0 0" />
			<part node="effects"      		startTime="2"	endTime="15"   	startRot="0 0 0"  endRot="45 0 0" />
			
			<part node="hinge_part1"      	startTime="4" 	endTime="15"   	startRot="0 0 0"  endRot="30 0 0" />
			<part node="hinge_part2" 		startTime="4" 	endTime="15" 	startTrans="-0.675 -0.332 1.243" endTrans="-0.675 -0.332 1.816"/>
			
			<!-- Sounds -->
            <sound template="metalLowVar3"  startTime="0.01"  direction="1"  volumeScale="2.0" pitchScale="0.7"/>
            <sound template="metalOpen"     startTime="0.01"  direction="1"  volumeScale="1.4" pitchScale="0.9"/>
            <sound template="metalLowVar2"  startTime="14.99" direction="1"  volumeScale="2.5" pitchScale="0.7"/>
            <sound template="metalClose"    startTime="14.99" direction="1"  volumeScale="1.6" pitchScale="0.6"/>
            <sound template="clackVar6"     startTime="14.99" direction="1"  volumeScale="0.6" pitchScale="0.5"/>
            <sound template="cylinderPunch" startTime="14.99" direction="1"  volumeScale="1.0" pitchScale="0.9"/>
            <sound template="thudVar2"      startTime="14.9"  direction="-1" volumeScale="1.5" pitchScale="0.7"/>
            <sound template="clackVar6"     startTime="14.99" direction="-1" volumeScale="0.8" pitchScale="0.3"/>
            <sound template="clackVar1"     startTime="0.1"   direction="-1" volumeScale="0.8" pitchScale="0.7"/>
            <sound template="metalLowVar2"  startTime="0.01"  direction="-1" volumeScale="2.0" pitchScale="0.6"/>
            <sound template="metalLowVar3"  startTime="0.1"   direction="-1" volumeScale="2.0" pitchScale="0.7"/>
            <sound template="metalLowVar2"  startTime="0.1"   direction="-1" volumeScale="2.0" pitchScale="0.9"/>
		</animation>
		<animation name="tipAnimationBack2">
			<part node="door_right_lock"	startTime="0" 	endTime="2"   	startRot="0 0 0"  endRot="0 180 0" />
			<part node="door_right"      	startTime="1" 	endTime="4"   	startRot="0 0 0"  endRot="0 270 0" />
			<part node="door_left"      	startTime="1.5"	endTime="4"   	startRot="0 0 0"  endRot="0 -270 0" />
			
			<part node="dump_box_axis"      	startTime="2"	endTime="15"   	startRot="0 0 0"  endRot="-20 0 0" />
			<part node="effects"      		startTime="2"	endTime="15"   	startRot="0 0 0"  endRot="20 0 0" />
			
			<part node="hinge_part1"      	startTime="4" 	endTime="15"   	startRot="0 0 0"  endRot="11 0 0" />
			<!-- <part node="hinge_part2" 		startTime="4" 	endTime="15" 	startTrans="-0.675 -0.332 1.243" endTrans="-0.675 -0.332 1.816"/> -->
			
			<!-- Collisions -->
            <sound template="metalLowVar3"  startTime="0.01"  direction="1"  volumeScale="2.0" pitchScale="0.7"/>
            <sound template="metalOpen"     startTime="0.01"  direction="1"  volumeScale="1.4" pitchScale="0.9"/>
            <sound template="metalLowVar2"  startTime="14.99" direction="1"  volumeScale="2.5" pitchScale="0.7"/>
            <sound template="metalClose"    startTime="14.99" direction="1"  volumeScale="1.6" pitchScale="0.6"/>
            <sound template="clackVar6"     startTime="14.99" direction="1"  volumeScale="0.6" pitchScale="0.5"/>
            <sound template="cylinderPunch" startTime="14.99" direction="1"  volumeScale="1.0" pitchScale="0.9"/>
            <sound template="thudVar2"      startTime="14.9"  direction="-1" volumeScale="1.5" pitchScale="0.7"/>
            <sound template="clackVar6"     startTime="14.99" direction="-1" volumeScale="0.8" pitchScale="0.3"/>
            <sound template="clackVar1"     startTime="0.1"   direction="-1" volumeScale="0.8" pitchScale="0.7"/>
            <sound template="metalLowVar2"  startTime="0.01"  direction="-1" volumeScale="2.0" pitchScale="0.6"/>
            <sound template="metalLowVar3"  startTime="0.1"   direction="-1" volumeScale="2.0" pitchScale="0.7"/>
            <sound template="metalLowVar2"  startTime="0.1"   direction="-1" volumeScale="2.0" pitchScale="0.9"/>
		</animation>
	</animations>

	<cover>
        <coverConfigurations>
            <coverConfiguration name="$l10n_configuration_valueNo" price="0"/>
				<objectChange node="cover_grp" visibilityActive="false" visibilityInactive="true"/>
			<coverConfiguration name="$l10n_configuration_valueYes" price="0">
                <cover openAnimation="toggleCover" fillUnitIndices="1" openOnBuy="false"/>
				<objectChange node="cover_grp" visibilityActive="true" visibilityInactive="false"/>
            </coverConfiguration>
        </coverConfigurations>
    </cover>
	
	<foldable>
		<foldingConfigurations>
			<foldingConfiguration>
			</foldingConfiguration>
			<foldingConfiguration>
				<foldingParts>
					<foldingPart animationName="unfoldRamps" speedScale="1"/>
				</foldingParts>
			</foldingConfiguration>
		</foldingConfigurations>
    </foldable>
	
    <fillUnit>
        <fillUnitConfigurations>
            <fillUnitConfiguration name="$l10n_configuration_capacityX" price="0" params="26000" >
                <fillUnits>
					<fillUnit shopDisplayUnit="CUBICMETER" fillTypeCategories="BULK" capacity="26000" allowAILoading="true">
                        <exactFillRootNode node="exactFillRootNode1" />
                        <autoAimTargetNode node="fillAutoAimTarget1" startZ="0.9" endZ="-2.8" invert="false" fillUnitIndex="1" startPercentage="25"/>
                    </fillUnit>
                </fillUnits>
				
				<objectChange node="col_ext_front" compoundChildActive="false" />
				<objectChange node="col_ext_back" compoundChildActive="false" />
				<objectChange node="col_ext_left" compoundChildActive="false" />
				<objectChange node="col_ext_right" compoundChildActive="false" />
            </fillUnitConfiguration>
            <fillUnitConfiguration name="$l10n_configuration_capacityX" price="2000" params="30000">
                <fillUnits>
					<fillUnit shopDisplayUnit="CUBICMETER" fillTypeCategories="BULK" capacity="30000" allowAILoading="true">
                        <exactFillRootNode node="exactFillRootNode2" />
                        <autoAimTargetNode node="fillAutoAimTarget2" startZ="0.9" endZ="-2.8" invert="false" fillUnitIndex="1" startPercentage="25"/>
                    </fillUnit>
                </fillUnits>
                <objectChange node="extension_grp" visibilityActive="true" visibilityInactive="false"/>
            </fillUnitConfiguration>
            <fillUnitConfiguration name="$l10n_configuration_unreal" price="10000">
                <fillUnits>
					<fillUnit shopDisplayUnit="CUBICMETER" fillTypeCategories="BULK" capacity="182000" allowAILoading="true" updateMass="false" >
                        <exactFillRootNode node="exactFillRootNode2" />
                        <autoAimTargetNode node="fillAutoAimTarget2" startZ="0.9" endZ="-2.8" invert="false" fillUnitIndex="1" startPercentage="25"/>
                    </fillUnit>
                </fillUnits>
                <objectChange node="extension_grp" visibilityActive="true" visibilityInactive="false"/>
            </fillUnitConfiguration>
        </fillUnitConfigurations>
    </fillUnit>

    <fillVolume>
        <fillVolumeConfigurations>
            <fillVolumeConfiguration>
                <volumes>
                    <volume node="fillVolume1" maxDelta="0.23" maxAllowedHeapAngle="18" fillUnitIndex="1" />
                </volumes>
            </fillVolumeConfiguration>
            <fillVolumeConfiguration>
                <volumes>
                    <volume node="fillVolume2" maxDelta="0.23" maxAllowedHeapAngle="18" fillUnitIndex="1" />
                </volumes>
            </fillVolumeConfiguration>
        </fillVolumeConfigurations>

        <unloadInfos>
            <unloadInfo>
                <node node="unloadInfo01" width="2" length="1.0" />
            </unloadInfo>
            <unloadInfo>
                <node node="unloadInfo02" width="1" length="4.0" />
            </unloadInfo>
        </unloadInfos>
    </fillVolume>

    <trailer>
        <trailerConfigurations>
            <trailerConfiguration>
                <trailer>
                    <tipSide name="$l10n_info_tipSideBack" dischargeNodeIndex="1">
                        <animation name="tipAnimationBack" speedScale="1.0" startTipTime="0.08"/>
                    </tipSide>
                    <tipSide name="$l10n_info_tipSideBack_low" dischargeNodeIndex="2">
                        <animation name="tipAnimationBack2" speedScale="1.0" startTipTime="0.08"/>
                    </tipSide>
                </trailer>
            </trailerConfiguration>
            <trailerConfiguration>
                <trailer>
                    <tipSide name="$l10n_info_tipSideBack" dischargeNodeIndex="3">
                        <animation name="tipAnimationBack" speedScale="1.0" startTipTime="0.08"/>
                    </tipSide>
                    <tipSide name="$l10n_info_tipSideBack_low" dischargeNodeIndex="4">
                        <animation name="tipAnimationBack2" speedScale="1.0" startTipTime="0.08"/>
                    </tipSide>
                </trailer>
            </trailerConfiguration>
        </trailerConfigurations>
    </trailer>

    <dischargeable>
        <dischargeNode node="dischargeNodeBack" emptySpeed="1570" fillUnitIndex="1" unloadInfoIndex="1" allowAIDischarge="true">
            <info width="2.0" length="0.5" />
            <effects>
                <effectNode effectClass="TipEffect">
                    <effectNode effectNode="effectParticleBack" effectClass="ParticleEffect" materialType="unloadingParticle"/>
                    <effectNode effectNode="effectGrainBack" materialType="unloading" fadeTime="0.5" extraDistanceNode="dischargeNodeBack" extraDistance="0.35"/>
                </effectNode>
                <effectNode effectNode="effectSmokeBack" materialType="unloadingSmoke" fadeTime="0.5" />
            </effects>
        </dischargeNode>
        <dischargeNode node="dischargeNodeBack_low" emptySpeed="1570" fillUnitIndex="1" unloadInfoIndex="1" >
            <info width="2.0" length="0.5" />
            <effects>
                <effectNode effectClass="TipEffect">
                    <effectNode effectNode="effectParticleBack" effectClass="ParticleEffect" materialType="unloadingParticle"/>
                    <effectNode effectNode="effectGrainBack" materialType="unloading" fadeTime="0.5" extraDistanceNode="dischargeNodeBack_low" extraDistance="0.35"/>
                </effectNode>
                <effectNode effectNode="effectSmokeBack" materialType="unloadingSmoke" fadeTime="0.5" />
            </effects>
        </dischargeNode>
        <dischargeNode node="dischargeNodeBack1" emptySpeed="15700" fillUnitIndex="1" unloadInfoIndex="1" >
            <info width="2.0" length="0.5" />
            <effects>
                <effectNode effectClass="TipEffect">
                    <effectNode effectNode="effectParticleBack" effectClass="ParticleEffect" materialType="unloadingParticle"/>
                    <effectNode effectNode="effectGrainBack" materialType="unloading" fadeTime="0.5" extraDistanceNode="dischargeNodeBack1" extraDistance="0.35"/>
                </effectNode>
                <effectNode effectNode="effectSmokeBack" materialType="unloadingSmoke" fadeTime="0.5" />
            </effects>
        </dischargeNode>
        <dischargeNode node="dischargeNodeBack1_low" emptySpeed="15700" fillUnitIndex="1" unloadInfoIndex="1" >
            <info width="2.0" length="0.5" />
            <effects>
                <effectNode effectClass="TipEffect">
                    <effectNode effectNode="effectParticleBack" effectClass="ParticleEffect" materialType="unloadingParticle"/>
                    <effectNode effectNode="effectGrainBack" materialType="unloading" fadeTime="0.5" extraDistanceNode="dischargeNodeBack1_low" extraDistance="0.35"/>
                </effectNode>
                <effectNode effectNode="effectSmokeBack" materialType="unloadingSmoke" fadeTime="0.5" />
            </effects>
        </dischargeNode>
    </dischargeable>
	
	<cylindered>
		<movingTools>
			<movingTool node="gooseneck_attacher">
				<controls axis="AXIS_FRONTLOADER_ARM" icon="$dataS2/menu/moveControls/frontloader_tool.png" invertAxis="false" invertMouseAxis="true" speedFactor="0.8"/>
				<inputAttacherJoint value="true" />
				<translation transSpeed=".5" transAcceleration="5" transMax="-0.381" transMin="-0.732" startTrans="-0.381" translationAxis="2"/>
			</movingTool>
			
<!-- 			<movingTool node="hellaWorkingLightSquare_02_L">
				<controls axis="AXIS_FRONTLOADER_TOOL3" iconName="FRONTLOADER_ARM_ROTATE" invertAxis="true" mousespeedFactor="1" />
				<animation animSpeed="1" animAcceleration="1" animName="workLights" animStartTime="0.5" />
			</movingTool> -->
			
			<movingTool node="dump_box_axis" playSound="true" >
                <dependentPart node="main_piston" />
            </movingTool>
		</movingTools>
		
		<movingParts >
            <movingPart node="main_piston" referencePoint="main_piston_ref" referenceFrame="main_piston_ref">
                <translatingPart node="main_shaft" />
            </movingPart>
            <movingPart node="axle1" referencePoint="axle1_ref" referenceFrame="axle1_ref" isActiveDirty="true" maxUpdateDistance="40"/>
            <movingPart node="axle2" referencePoint="axle2_ref" referenceFrame="axle2_ref" isActiveDirty="true" maxUpdateDistance="40"/>
        </movingParts> 
    </cylindered>
    
	<tensionBelts>
        <tensionBeltsConfigurations>
			<tensionBeltsConfiguration name="$l10n_configuration_tensionBeltInactive" >
				<objectChange node="tensionBelts" visibilityActive="false" visibilityInactive="true"/>
            </tensionBeltsConfiguration>
            <tensionBeltsConfiguration name="$l10n_configuration_tensionBeltActive" >
                <tensionBelts linkNode="tensionBelts" jointNode="trailer_maincomponent1" width="0.075" maxEdgeLength="0.1" geometryBias="0.01" ratchetPosition="0.2" defaultOffset="-0.25" defaultOffsetSide="0.1" defaultHeight="2.75" interactionRadius="1.5" totalInteractionRadius="6.5" activationTrigger="beltActivationTrigger">
                    <tensionBelt startNode="beltStart1" endNode="beltEnd1" offsetLeft="0.95"/>
                    <tensionBelt startNode="beltStart2" endNode="beltEnd2"/>
                    <tensionBelt startNode="beltStart3" endNode="beltEnd3"/>
                    <tensionBelt startNode="beltStart4" endNode="beltEnd4"/>
                    <tensionBelt startNode="beltStart5" endNode="beltEnd5"/>
                    <tensionBelt startNode="beltStart6" endNode="beltEnd6" offsetRight="0.8"/>
                    <sounds>
                        <addBelt    template="beltOpen" />
                        <removeBelt template="beltClose" />
                    </sounds>
                </tensionBelts>
            </tensionBeltsConfiguration>
            <tensionBeltsConfiguration name="$l10n_configuration_tensionBeltActive2" >
                <tensionBelts linkNode="tensionBelts" jointNode="trailer_maincomponent1" width="0.075" maxEdgeLength="0.1" geometryBias="0.01" ratchetPosition="0.2" defaultOffset="-0.25" defaultOffsetSide="0.1" defaultHeight="2.75" interactionRadius="1.5" totalInteractionRadius="6.5" activationTrigger="beltActivationTrigger">
                    <tensionBelt startNode="beltStart1" endNode="beltEnd1" offsetLeft="0.95"/>
                    <tensionBelt startNode="beltStart2" endNode="beltEnd2"/>
                    <tensionBelt startNode="beltStart3" endNode="beltEnd3"/>
                    <tensionBelt startNode="beltStart4" endNode="beltEnd4"/>
                    <tensionBelt startNode="beltStart5" endNode="beltEnd5"/>
                    <tensionBelt startNode="beltStart6" endNode="beltEnd6" offsetRight="0.8"/>
                    <sounds>
                        <addBelt    template="beltOpen" />
                        <removeBelt template="beltClose" />
                    </sounds>
                </tensionBelts>
				
				<objectChange node="beltStart1" translationActive="1.14 1.267 2.223" 	translationInactive="1.14 2.624 2.223" />
				<objectChange node="beltStart2" translationActive="1.14 1.267 1.091" 	translationInactive="1.14 2.624 1.091" />
				<objectChange node="beltStart3" translationActive="1.14 1.267 -0.053" 	translationInactive="1.14 2.624 -0.053" />
				<objectChange node="beltStart4" translationActive="1.14 1.267 -1.206" 	translationInactive="1.14 2.624 -1.206" />
				<objectChange node="beltStart5" translationActive="1.14 1.267 -2.344" 	translationInactive="1.14 2.624 -2.344" />
				<objectChange node="beltStart6" translationActive="1.14 1.267 -3.484" 	translationInactive="1.14 2.624 -3.484" />
            </tensionBeltsConfiguration>
        </tensionBeltsConfigurations>
    </tensionBelts>	
	
    <ai>
        <allowTurnBackward value="false"/>
        <agentAttachment jointNode="gooseneckAttacherJoint" rotCenterWheelIndices="1 2 3 4" width="3" height="4" length="10" lengthOffset="2"/>
    </ai>
	
	<foliageBending>
        <bendingNode minX="-1.3" maxX="1.3" minZ="-5.8" maxZ="6.3" yOffset="0.6"/>
    </foliageBending>
    
	<baseMaterial>
        <material name="gooseneck_mat" baseNode="frame_main">
            <shaderParameter name="colorMat0" value="0.02 0.02 0.02" material="40"/>
        </material>
		<material name="dumpbox_mat" baseNode="dump_box">
            <shaderParameter name="colorMat0" value="SHARED_GREY2"/>
			<shaderParameter name="colorMat4" value="SHARED_GREY2"/>
        </material>
		<material name="cover_mat" baseNode="cover_fabric_0">
            <shaderParameter name="colorMat0" value="SHARED_GREY2"/>
        </material>
    </baseMaterial>
		
    <baseMaterialConfigurations useDefaultColors="true" price="1200">
		<baseMaterialConfiguration name="$l10n_color_black_gloss" color="0.02 0.02 0.02" material="40" />
		<baseMaterialConfiguration name="$l10n_color_black" color="0.02 0.02 0.02" material="0" />
		<baseMaterialConfiguration name="$l10n_color_black_aged" color="0.017 0.017 0.017" material="6" />
		<baseMaterialConfiguration name="$l10n_color_gun_metal" color="SHARED_GREY5" material="27" />
		<baseMaterialConfiguration name="$l10n_color_dark_moon" color="0.02 0.02 0.02" material="27" />
		<baseMaterialConfiguration name="$l10n_color_stainless_steel" color="1 1 1" material="8" />
		<baseMaterialConfiguration name="$l10n_color_dark_steel" color="0.35 0.35 0.40" material="8" />
		<baseMaterialConfiguration name="$l10n_color_aluminum" color="0.65 0.65 0.75" material="3" />
		<baseMaterialConfiguration name="$l10n_color_phoenix_blue_gloss" color="0 0.051 0.349" material="40" />
		<baseMaterialConfiguration name="$l10n_color_phoenix_blue" color="0 0.051 0.349" material="0" />
		<baseMaterialConfiguration name="$l10n_color_phoenix_blue_new_age" color="0 0.051 0.349" material="27" />
		<baseMaterialConfiguration name="$l10n_color_phoenix_blue_aged" color="0 0.051 0.349" material="6" />
		<baseMaterialConfiguration name="$l10n_color_pearl_white_gloss" color="STOLL_WHITE2" material="40" />
		<baseMaterialConfiguration name="$l10n_color_pure_white" color="STOLL_WHITE2" material="0" />
		<baseMaterialConfiguration name="$l10n_color_pearl_white" color="STOLL_WHITE2" material="27" />
		<baseMaterialConfiguration name="$l10n_color_white_aged" color="STOLL_WHITE2" material="6" />
		<baseMaterialConfiguration name="$l10n_color_ruby_red_gloss" color="0.3 0 0.004" material="40" />
		<baseMaterialConfiguration name="$l10n_color_ruby_red" color="0.3 0 0.004" material="0" />
		<baseMaterialConfiguration name="$l10n_color_ruby_red_new_age" color="0.3 0 0.004" material="27" />
		<baseMaterialConfiguration name="$l10n_color_ruby_red_aged" color="0.3 0 0.004" material="6" />
		<baseMaterialConfiguration name="$l10n_color_race_red_gloss" color="0.657 0.012 0" material="40" />
		<baseMaterialConfiguration name="$l10n_color_race_red" color="0.657 0.012 0" material="0" />
		<baseMaterialConfiguration name="$l10n_color_race_red_new_age" color="0.657 0.012 0" material="27" />
		<baseMaterialConfiguration name="$l10n_color_race_red_aged" color="0.657 0.012 0" material="6" />
		<baseMaterialConfiguration name="$l10n_color_jungle_fever_gloss" color="0.353 0.584 0.569" material="40" />
		<baseMaterialConfiguration name="$l10n_color_jungle_fever" color="0.353 0.584 0.569" material="0" />
		<baseMaterialConfiguration name="$l10n_color_jungle_fever_new_age" color="0.353 0.584 0.569" material="27" />
		<baseMaterialConfiguration name="$l10n_color_jungle_fever_aged" color="0.353 0.584 0.569" material="6" />
		<baseMaterialConfiguration name="$l10n_color_old_citadel_gloss" color="0.353 0 0.353" material="40" />
		<baseMaterialConfiguration name="$l10n_color_old_citadel" color="0.353 0 0.353" material="0" />
		<baseMaterialConfiguration name="$l10n_color_old_citadel_new_age" color="0.353 0 0.353" material="27" />
		<baseMaterialConfiguration name="$l10n_color_old_citadel_aged" color="0.353 0 0.353" material="6" />
		<baseMaterialConfiguration name="$l10n_color_tiffany_blue_gloss" color="0.031 0.584 0.569" material="40" />
		<baseMaterialConfiguration name="$l10n_color_tiffany_blue" color="0.031 0.584 0.569" material="0" />
		<baseMaterialConfiguration name="$l10n_color_tiffany_blue_new_age" color="0.031 0.584 0.569" material="27" />
		<baseMaterialConfiguration name="$l10n_color_tiffany_blue_aged" color="0.031 0.584 0.569" material="6" />
		<baseMaterialConfiguration name="$l10n_color_school_bus_gloss" color="BREDAL_ORANGE2" material="40" />
		<baseMaterialConfiguration name="$l10n_color_school_bus" color="BREDAL_ORANGE2" material="0" />
		<baseMaterialConfiguration name="$l10n_color_school_bus_new_age" color="BREDAL_ORANGE2" material="27" />
		<baseMaterialConfiguration name="$l10n_color_school_bus_aged" color="BREDAL_ORANGE2" material="6" />
		<baseMaterialConfiguration name="$l10n_color_cone_orange_gloss" color="HUSQVARNA_ORANGE1" material="40" />
		<baseMaterialConfiguration name="$l10n_color_cone_orange" color="HUSQVARNA_ORANGE1" material="0" />
		<baseMaterialConfiguration name="$l10n_color_cone_orange_new_age" color="HUSQVARNA_ORANGE1" material="27" />
		<baseMaterialConfiguration name="$l10n_color_cone_orange_aged" color="HUSQVARNA_ORANGE1" material="6" />
		<baseMaterialConfiguration name="$l10n_color_jack_moose_gloss" color="0.086 0 0" material="40" />
		<baseMaterialConfiguration name="$l10n_color_jack_moose" color="0.086 0 0" material="0" />
		<baseMaterialConfiguration name="$l10n_color_jack_moose_aged" color="0.086 0 0" material="6" />
		<baseMaterialConfiguration name="$l10n_color_jack_moose_new_age" color="0.086 0 0" material="27" />
		<baseMaterialConfiguration name="$l10n_color_biscuit_green_gloss" color="0.027 0.058 0.048" material="40" />
		<baseMaterialConfiguration name="$l10n_color_biscuit_green" color="0.027 0.058 0.048" material="0" />
		<baseMaterialConfiguration name="$l10n_color_biscuit_green_new_age" color="0.027 0.058 0.048" material="27" />
		<baseMaterialConfiguration name="$l10n_color_biscuit_green_aged" color="0.027 0.058 0.048" material="6" />
		<baseMaterialConfiguration name="$l10n_color_white_gold" color="0.973 0.976 0.545" material="27" />
		<baseMaterialConfiguration name="$l10n_color_bronze_fire" color="0.153 0.029 0.01" material="27" />
		<baseMaterialConfiguration name="$l10n_color_new_silver" color="SHARED_GREY2" material="27" />
		<baseMaterialConfiguration name="$l10n_color_scarlet_red" color="CASEIH_RED1" material="27" />
		<baseMaterialConfiguration name="$l10n_color_blaze_orange" color="FLIEGL_ORANGE1" material="27" />
		<baseMaterialConfiguration name="$l10n_color_nitro_blue" color="NEWHOLLAND_BLUE1" material="27" />
		<baseMaterialConfiguration name="$l10n_color_deep_blue" color="HATZENBICHLER_DARKBLUE1" material="27" />
		
        <material name="gooseneck_mat" shaderParameter="colorMat0" />
        <material name="dumpbox_mat" shaderParameter="colorMat0" />
    </baseMaterialConfigurations>
	
	<designMaterialConfigurations useDefaultColors="false" price="1200">
        <designMaterialConfiguration name="Stock" color="0.017 0.017 0.017" material="24" />
		 		 
		<designMaterialConfiguration name="New Silver" color="SHARED_GREY2" material="24" />
		<designMaterialConfiguration name="Scarlet Red" color="CASEIH_RED1" material="24" />
		<designMaterialConfiguration name="Pearl White" color="STOLL_WHITE2" material="24" />
        <designMaterialConfiguration name="Gun Metal" color="SHARED_GREY5" material="24" />
		<designMaterialConfiguration name="Dark Moon" color="0.02 0.02 0.02" material="24" />
		<designMaterialConfiguration name="Blaze Orange" color="FLIEGL_ORANGE1" material="24" />
		<designMaterialConfiguration name="Nitro Blue" color="NEWHOLLAND_BLUE1" material="24" />
		<designMaterialConfiguration name="Deep Blue" color="HATZENBICHLER_DARKBLUE1" material="24" />
		<designMaterialConfiguration name="Deer Green" color="JOHNDEERE_GREEN1" material="24" />
		<designMaterialConfiguration name="Deer Yellow" color="JOHNDEERE_YELLOW1" material="24" />
		
		<material name="cover_mat" shaderParameter="colorMat0" />
		<material name="dumpbox_mat" shaderParameter="colorMat4" />
    </designMaterialConfigurations>
	
	<rimColorConfigurations useDefaultColors="true" price="300">
		<rimColorConfiguration name="$l10n_color_stainless_steel" color="1 1 1" material="8" />
		<rimColorConfiguration name="$l10n_color_dark_steel" color="0.35 0.35 0.40" material="8" />
		<rimColorConfiguration name="$l10n_color_aluminum" color="0.65 0.65 0.75" material="3" />
		<rimColorConfiguration name="$l10n_color_chrome" color="0.9 0.9 1" material="2"  />
		<rimColorConfiguration name="$l10n_color_polished" color="0.95 0.95 1" material="3" />
		<rimColorConfiguration name="$l10n_color_chromerfection_1" color="0.855 0.855 0.955" material="2" />
		<rimColorConfiguration name="$l10n_color_chromerfection_2" color="0.855 0.855 0.955" material="3" />
		<rimColorConfiguration name="$l10n_color_copperfection_1" color="0.855 0.475 0.325" material="2" />
		<rimColorConfiguration name="$l10n_color_copperfection_2" color="0.855 0.475 0.325" material="3" />
		<rimColorConfiguration name="$l10n_color_chrome_black-out_1" color="0.155 0.155 0.155" material="2" />
		<rimColorConfiguration name="$l10n_color_phoenix_blue" color="0 0.051 0.349" material="0" />
		<rimColorConfiguration name="$l10n_color_phoenix_blue_new_age" color="0 0.051 0.349" material="27" />
		<rimColorConfiguration name="$l10n_color_phoenix_blue_aged" color="0 0.051 0.349" material="6" />
		<rimColorConfiguration name="$l10n_color_jungle_fever" color="0.353 0.584 0.569" material="0" />
		<rimColorConfiguration name="$l10n_color_jungle_fever_new_age" color="0.353 0.584 0.569" material="27" />
		<rimColorConfiguration name="$l10n_color_jungle_fever_aged" color="0.353 0.584 0.569" material="6" />
		<rimColorConfiguration name="$l10n_color_old_citadel" color="0.353 0 0.353" material="0" />
		<rimColorConfiguration name="$l10n_color_old_citadel_new_age" color="0.353 0 0.353" material="27" />
		<rimColorConfiguration name="$l10n_color_old_citadel_aged" color="0.353 0 0.353" material="6" />
		<rimColorConfiguration name="$l10n_color_tiffany_blue" color="0.031 0.584 0.569" material="0" />
		<rimColorConfiguration name="$l10n_color_tiffany_blue_new_age" color="0.031 0.584 0.569" material="27" />
		<rimColorConfiguration name="$l10n_color_tiffany_blue_aged" color="0.031 0.584 0.569" material="6" />
		<rimColorConfiguration name="$l10n_color_school_bus" color="BREDAL_ORANGE2" material="0" />
		<rimColorConfiguration name="$l10n_color_school_bus_new_age" color="BREDAL_ORANGE2" material="27" />
		<rimColorConfiguration name="$l10n_color_school_bus_aged" color="BREDAL_ORANGE2" material="6" />
		<rimColorConfiguration name="$l10n_color_cone_orange" color="HUSQVARNA_ORANGE1" material="0" />
		<rimColorConfiguration name="$l10n_color_cone_orange_new_age" color="HUSQVARNA_ORANGE1" material="27" />
		<rimColorConfiguration name="$l10n_color_cone_orange_aged" color="HUSQVARNA_ORANGE1" material="6" />
		<rimColorConfiguration name="$l10n_color_jack_moose" color="0.086 0 0" material="0" />
		<rimColorConfiguration name="$l10n_color_jack_moose_aged" color="0.086 0 0" material="6" />
		<rimColorConfiguration name="$l10n_color_jack_moose_new_age" color="0.086 0 0" material="27" />
		<rimColorConfiguration name="$l10n_color_biscuit_green" color="0.027 0.058 0.048" material="0" />
		<rimColorConfiguration name="$l10n_color_biscuit_green_new_age" color="0.027 0.058 0.048" material="27" />
		<rimColorConfiguration name="$l10n_color_biscuit_green_aged" color="0.027 0.058 0.048" material="6" />
		<rimColorConfiguration name="$l10n_color_olive" color="LIZARD_OLIVE1" material="0" />
		<rimColorConfiguration name="$l10n_color_olive_new_age" color="LIZARD_OLIVE1" material="27" />
		<rimColorConfiguration name="$l10n_color_olive_aged" color="LIZARD_OLIVE1" material="6" />
		<rimColorConfiguration name="$l10n_color_ruby_red" color="0.3 0 0.004" material="0" />
		<rimColorConfiguration name="$l10n_color_ruby_red_new_age" color="0.3 0 0.004" material="27" />
		<rimColorConfiguration name="$l10n_color_ruby_red_aged" color="0.3 0 0.004" material="6" />
		<rimColorConfiguration name="$l10n_color_race_red" color="0.657 0.012 0" material="0" />
		<rimColorConfiguration name="$l10n_color_race_red_new_age" color="0.657 0.012 0" material="27" />
		<rimColorConfiguration name="$l10n_color_race_red_aged" color="0.657 0.012 0" material="6" />
		<rimColorConfiguration name="$l10n_color_white_gold" color="0.973 0.976 0.545" material="27" />
		<rimColorConfiguration name="$l10n_color_bronze_fire" color="0.153 0.029 0.01" material="27" />
		<rimColorConfiguration name="$l10n_color_pure_white" color="STOLL_WHITE2" material="0" />
		<rimColorConfiguration name="$l10n_color_pearl_white" color="STOLL_WHITE2" material="27" />
		<rimColorConfiguration name="$l10n_color_white_aged" color="STOLL_WHITE2" material="6" />
		<rimColorConfiguration name="$l10n_color_black" color="0.02 0.02 0.02" material="0" />
		<rimColorConfiguration name="$l10n_color_black_aged" color="0.017 0.017 0.017" material="6" />
		<rimColorConfiguration name="$l10n_color_gun_metal" color="SHARED_GREY5" material="27" />
		<rimColorConfiguration name="$l10n_color_dark_moon" color="0.02 0.02 0.02" material="27" />
		<rimColorConfiguration name="$l10n_color_new_silver" color="SHARED_GREY2" material="27" />
		<rimColorConfiguration name="$l10n_color_scarlet_red" color="CASEIH_RED1" material="27" />
		<rimColorConfiguration name="$l10n_color_blaze_orange" color="FLIEGL_ORANGE1" material="27" />
		<rimColorConfiguration name="$l10n_color_nitro_blue" color="NEWHOLLAND_BLUE1" material="27" />
		<rimColorConfiguration name="$l10n_color_deep_blue" color="HATZENBICHLER_DARKBLUE1" material="27" />
	</rimColorConfigurations>
	
	<wearable wearDuration="480" workMultiplier="5" fieldMultiplier="2"/>
    <washable dirtDuration="90" washDuration="1" workMultiplier="3" fieldMultiplier="2"/>

<i3dMappings>
  <i3dMapping id="trailer_maincomponent1" node="0>" />
  <i3dMapping id="gooseneck_series_vis" node="0>0" />
  <i3dMapping id="wheels" node="0>0|0" />
  <i3dMapping id="wheelChocks" node="0>0|0|0" />
  <i3dMapping id="chockSupport01" node="0>0|0|0|0" />
  <i3dMapping id="chockSupport02" node="0>0|0|0|1" />
  <i3dMapping id="wheelChock01" node="0>0|0|0|2" />
  <i3dMapping id="wheelChock02" node="0>0|0|0|3" />
  <i3dMapping id="main_parts" node="0>0|1" />
  <i3dMapping id="frame_main" node="0>0|1|0" />
  <i3dMapping id="axle1_suspension" node="0>0|1|1" />
  <i3dMapping id="axle1_leaf_left" node="0>0|1|1|0" />
  <i3dMapping id="axle1_leaf_right" node="0>0|1|1|1" />
  <i3dMapping id="axle2_suspension" node="0>0|1|2" />
  <i3dMapping id="axle2_leaf_left" node="0>0|1|2|0" />
  <i3dMapping id="axle2_leaf_right" node="0>0|1|2|1" />
  <i3dMapping id="mudguards_grp" node="0>0|1|3" />
  <i3dMapping id="mudguards_front" node="0>0|1|3|0" />
  <i3dMapping id="mudflaps_mount_0" node="0>0|1|3|0|0" />
  <i3dMapping id="mudguards_back" node="0>0|1|3|1" />
  <i3dMapping id="mudflaps_mount_1" node="0>0|1|3|1|0" />
  <i3dMapping id="landing_gear_grp" node="0>0|1|4" />
  <i3dMapping id="landing_gear" node="0>0|1|4|0" />
  <i3dMapping id="landing_gear_rot" node="0>0|1|4|1" />
  <i3dMapping id="landing_gear_lever_rot" node="0>0|1|4|2" />
  <i3dMapping id="landing_gear_lever" node="0>0|1|4|2|0" />
  <i3dMapping id="landing_legs" node="0>0|1|4|3" />
  <i3dMapping id="col_legs" node="0>0|1|4|3|0" />
  <i3dMapping id="joint7" node="0>0|1|5" />
  <i3dMapping id="joint12" node="0>0|1|6" />
  <i3dMapping id="joint10" node="0>0|1|7" />
  <i3dMapping id="joint8" node="0>0|1|8" />
  <i3dMapping id="joint6" node="0>0|1|9" />
  <i3dMapping id="joint4" node="0>0|1|10" />
  <i3dMapping id="joint1" node="0>0|1|11" />
  <i3dMapping id="joint2" node="0>0|1|12" />
  <i3dMapping id="hydraulics_grp" node="0>0|1|13" />
  <i3dMapping id="hoses_mount" node="0>0|1|13|0" />
  <i3dMapping id="compressor" node="0>0|1|13|1" />
  <i3dMapping id="hose1_start" node="0>0|1|13|2" />
  <i3dMapping id="hose3_start" node="0>0|1|13|3" />
  <i3dMapping id="hose3_end" node="0>0|1|13|4" />
  <i3dMapping id="hose1_end" node="0>0|1|13|5" />
  <i3dMapping id="hose2_start" node="0>0|1|13|6" />
  <i3dMapping id="hose4_start" node="0>0|1|13|7" />
  <i3dMapping id="tipper_parts" node="0>0|2" />
  <i3dMapping id="rot_axis_part1" node="0>0|2|0" />
  <i3dMapping id="tipper_hinge" node="0>0|2|1" />
  <i3dMapping id="dump_box_axis" node="0>0|2|2" />
  <i3dMapping id="dump_box" node="0>0|2|2|0" />
  <i3dMapping id="door_top" node="0>0|2|2|1" />
  <i3dMapping id="col_tipper_door_top" node="0>0|2|2|1|0" />
  <i3dMapping id="door_left" node="0>0|2|2|2" />
  <i3dMapping id="col_tipper_door_L" node="0>0|2|2|2|0" />
  <i3dMapping id="door_right" node="0>0|2|2|3" />
  <i3dMapping id="door_right_lock" node="0>0|2|2|3|0" />
  <i3dMapping id="col_tipper_door_R" node="0>0|2|2|3|1" />
  <i3dMapping id="cover_grp" node="0>0|2|2|4" />
  <i3dMapping id="cover_part0" node="0>0|2|2|4|0" />
  <i3dMapping id="cover_fabric_0" node="0>0|2|2|4|0|0" />
  <i3dMapping id="cover_frame_0" node="0>0|2|2|4|0|1" />
  <i3dMapping id="cover_part1" node="0>0|2|2|4|1" />
  <i3dMapping id="cover_fabric_1" node="0>0|2|2|4|1|0" />
  <i3dMapping id="cover_frame_1" node="0>0|2|2|4|1|1" />
  <i3dMapping id="cover_part2" node="0>0|2|2|4|2" />
  <i3dMapping id="cover_fabric_2" node="0>0|2|2|4|2|0" />
  <i3dMapping id="cover_frame_2" node="0>0|2|2|4|2|1" />
  <i3dMapping id="cover_part4" node="0>0|2|2|4|3" />
  <i3dMapping id="cover_fabric_3" node="0>0|2|2|4|3|0" />
  <i3dMapping id="cover_frame_3" node="0>0|2|2|4|3|1" />
  <i3dMapping id="cover_part3" node="0>0|2|2|4|4" />
  <i3dMapping id="cover_fabric_4" node="0>0|2|2|4|4|0" />
  <i3dMapping id="cover_frame_4" node="0>0|2|2|4|4|1" />
  <i3dMapping id="cover_part5" node="0>0|2|2|4|5" />
  <i3dMapping id="cover_fabric_5" node="0>0|2|2|4|5|0" />
  <i3dMapping id="cover_frame_5" node="0>0|2|2|4|5|1" />
  <i3dMapping id="cover_part6" node="0>0|2|2|4|6" />
  <i3dMapping id="cover_fabric_6" node="0>0|2|2|4|6|0" />
  <i3dMapping id="cover_frame_6" node="0>0|2|2|4|6|1" />
  <i3dMapping id="cover_box" node="0>0|2|2|4|7" />
  <i3dMapping id="cover_rolled" node="0>0|2|2|4|7|0" />
  <i3dMapping id="cover_roller" node="0>0|2|2|4|7|1" />
  <i3dMapping id="extension_grp" node="0>0|2|2|5" />
  <i3dMapping id="ext_front" node="0>0|2|2|5|0" />
  <i3dMapping id="ext_rear" node="0>0|2|2|5|1" />
  <i3dMapping id="col_ext_back" node="0>0|2|2|5|1|0" />
  <i3dMapping id="ext_side_L" node="0>0|2|2|5|2" />
  <i3dMapping id="supports_left" node="0>0|2|2|5|2|0" />
  <i3dMapping id="plates_left" node="0>0|2|2|5|2|1" />
  <i3dMapping id="ext_side_R" node="0>0|2|2|5|3" />
  <i3dMapping id="supports_right" node="0>0|2|2|5|3|0" />
  <i3dMapping id="plates_right" node="0>0|2|2|5|3|1" />
  <i3dMapping id="ramps" node="0>0|2|2|6" />
  <i3dMapping id="ramp_L" node="0>0|2|2|6|0" />
  <i3dMapping id="col_tipper_ramp_0" node="0>0|2|2|6|0|0" />
  <i3dMapping id="ramp_R" node="0>0|2|2|6|1" />
  <i3dMapping id="col_tipper_ramp_1" node="0>0|2|2|6|1|0" />
  <i3dMapping id="CapacityConfig" node="0>0|2|2|7" />
  <i3dMapping id="fillVolumes" node="0>0|2|2|7|0" />
  <i3dMapping id="exactFillRootNode1" node="0>0|2|2|7|0|0" />
  <i3dMapping id="exactFillRootNode2" node="0>0|2|2|7|0|1" />
  <i3dMapping id="fillAutoAimTarget1" node="0>0|2|2|7|0|2" />
  <i3dMapping id="fillAutoAimTarget2" node="0>0|2|2|7|0|3" />
  <i3dMapping id="fillVolume1" node="0>0|2|2|7|0|4" />
  <i3dMapping id="fillVolume2" node="0>0|2|2|7|0|5" />
  <i3dMapping id="unloadInfo01" node="0>0|2|2|7|0|6" />
  <i3dMapping id="unloadInfo02" node="0>0|2|2|7|0|7" />
  <i3dMapping id="tensionBelts" node="0>0|2|2|8" />
  <i3dMapping id="beltStart1" node="0>0|2|2|8|0" />
  <i3dMapping id="beltEnd1" node="0>0|2|2|8|0|0" />
  <i3dMapping id="hook_0" node="0>0|2|2|8|0|0|0" />
  <i3dMapping id="hook_1" node="0>0|2|2|8|0|1" />
  <i3dMapping id="beltStart2" node="0>0|2|2|8|1" />
  <i3dMapping id="beltEnd2" node="0>0|2|2|8|1|0" />
  <i3dMapping id="hook_2" node="0>0|2|2|8|1|0|0" />
  <i3dMapping id="hook_3" node="0>0|2|2|8|1|1" />
  <i3dMapping id="beltStart3" node="0>0|2|2|8|2" />
  <i3dMapping id="beltEnd3" node="0>0|2|2|8|2|0" />
  <i3dMapping id="hook_4" node="0>0|2|2|8|2|0|0" />
  <i3dMapping id="hook_5" node="0>0|2|2|8|2|1" />
  <i3dMapping id="beltStart4" node="0>0|2|2|8|3" />
  <i3dMapping id="beltEnd4" node="0>0|2|2|8|3|0" />
  <i3dMapping id="hook_6" node="0>0|2|2|8|3|0|0" />
  <i3dMapping id="hook_7" node="0>0|2|2|8|3|1" />
  <i3dMapping id="beltStart5" node="0>0|2|2|8|4" />
  <i3dMapping id="beltEnd5" node="0>0|2|2|8|4|0" />
  <i3dMapping id="hook_8" node="0>0|2|2|8|4|0|0" />
  <i3dMapping id="hook_9" node="0>0|2|2|8|4|1" />
  <i3dMapping id="beltStart6" node="0>0|2|2|8|5" />
  <i3dMapping id="beltEnd6" node="0>0|2|2|8|5|0" />
  <i3dMapping id="hook_10" node="0>0|2|2|8|5|0|0" />
  <i3dMapping id="hook_11" node="0>0|2|2|8|5|1" />
  <i3dMapping id="beltActivationTrigger" node="0>0|2|2|8|6" />
  <i3dMapping id="tipper_lights" node="0>0|2|2|9" />
  <i3dMapping id="sharedlights" node="0>0|2|2|9|0" />
  <i3dMapping id="sidemarkers" node="0>0|2|2|9|0|0" />
  <i3dMapping id="sideMarker_08OrangeLeft_L1" node="0>0|2|2|9|0|0|0" />
  <i3dMapping id="sideMarker_08OrangeLeft_L2" node="0>0|2|2|9|0|0|1" />
  <i3dMapping id="sideMarker_08OrangeLeft_L3" node="0>0|2|2|9|0|0|2" />
  <i3dMapping id="sideMarker_08OrangeLeft_L4" node="0>0|2|2|9|0|0|3" />
  <i3dMapping id="sideMarker_08OrangeLeft_L5" node="0>0|2|2|9|0|0|4" />
  <i3dMapping id="sideMarker_08OrangeLeft_L6" node="0>0|2|2|9|0|0|5" />
  <i3dMapping id="sideMarker_08OrangeLeft_L7" node="0>0|2|2|9|0|0|6" />
  <i3dMapping id="sideMarker_08OrangeRight_R1" node="0>0|2|2|9|0|0|7" />
  <i3dMapping id="sideMarker_08OrangeRight_R2" node="0>0|2|2|9|0|0|8" />
  <i3dMapping id="sideMarker_08OrangeRight_R3" node="0>0|2|2|9|0|0|9" />
  <i3dMapping id="sideMarker_08OrangeRight_R4" node="0>0|2|2|9|0|0|10" />
  <i3dMapping id="sideMarker_08OrangeRight_R5" node="0>0|2|2|9|0|0|11" />
  <i3dMapping id="sideMarker_08OrangeRight_R6" node="0>0|2|2|9|0|0|12" />
  <i3dMapping id="sideMarker_08OrangeRight_R7" node="0>0|2|2|9|0|0|13" />
  <i3dMapping id="sideMarker_06Red_L" node="0>0|2|2|9|0|0|14" />
  <i3dMapping id="sideMarker_06Red_R" node="0>0|2|2|9|0|0|15" />
  <i3dMapping id="frontLightCone_01_1" node="0>0|2|2|9|0|1" />
  <i3dMapping id="frontLightCone_01_2" node="0>0|2|2|9|0|2" />
  <i3dMapping id="multipointLights" node="0>0|2|2|9|0|3" />
  <i3dMapping id="rearMultipointLight_02Left" node="0>0|2|2|9|0|3|0" />
  <i3dMapping id="rearMultipointLight_02Right" node="0>0|2|2|9|0|3|1" />
  <i3dMapping id="GroupName" node="0>0|2|2|9|0|4" />
  <i3dMapping id="rearLightCircleRed_02_1" node="0>0|2|2|9|0|4|0" />
  <i3dMapping id="rearLight22Red_0" node="0>0|2|2|9|0|4|0|0" />
  <i3dMapping id="rearLightCircleRed_02_2" node="0>0|2|2|9|0|4|1" />
  <i3dMapping id="rearLight22Red_1" node="0>0|2|2|9|0|4|1|0" />
  <i3dMapping id="rearLightCircleRed_02_3" node="0>0|2|2|9|0|4|2" />
  <i3dMapping id="rearLight22Red_2" node="0>0|2|2|9|0|4|2|0" />
  <i3dMapping id="backLightsHigh" node="0>0|2|2|9|1" />
  <i3dMapping id="backLightsHigh1" node="0>0|2|2|9|1|0" />
  <i3dMapping id="reverseLight" node="0>0|2|2|9|2" />
  <i3dMapping id="reverseLight1" node="0>0|2|2|9|2|0" />
  <i3dMapping id="turnLightLeftBack" node="0>0|2|2|9|3" />
  <i3dMapping id="turnLightRightBack" node="0>0|2|2|9|4" />
  <i3dMapping id="effects" node="0>0|2|2|10" />
  <i3dMapping id="particlesBack" node="0>0|2|2|10|0" />
  <i3dMapping id="effectNodesBack" node="0>0|2|2|10|0|0" />
  <i3dMapping id="effectGrainBack" node="0>0|2|2|10|0|0|0" />
  <i3dMapping id="effectSmokeBack" node="0>0|2|2|10|0|0|1" />
  <i3dMapping id="particleNodesBack" node="0>0|2|2|10|0|1" />
  <i3dMapping id="effectParticleBack" node="0>0|2|2|10|0|1|0" />
  <i3dMapping id="hinge_part2" node="0>0|2|2|11" />
  <i3dMapping id="hinge_part2_roll1" node="0>0|2|2|11|0" />
  <i3dMapping id="main_piston_ref" node="0>0|2|2|11|1" />
  <i3dMapping id="col_tipper_floor" node="0>0|2|2|12" />
  <i3dMapping id="col_tipper_left" node="0>0|2|2|13" />
  <i3dMapping id="col_tipper_right" node="0>0|2|2|14" />
  <i3dMapping id="col_tipper_front1" node="0>0|2|2|15" />
  <i3dMapping id="col_tipper_bumper" node="0>0|2|2|16" />
  <i3dMapping id="col_extension" node="0>0|2|2|17" />
  <i3dMapping id="col_ext_front" node="0>0|2|2|17|0" />
  <i3dMapping id="col_ext_left" node="0>0|2|2|17|1" />
  <i3dMapping id="col_ext_right" node="0>0|2|2|17|2" />
  <i3dMapping id="dischargeNodes" node="0>0|2|3" />
  <i3dMapping id="dischargeNodeBack" node="0>0|2|3|0" />
  <i3dMapping id="dischargeNodeBack_low" node="0>0|2|3|1" />
  <i3dMapping id="dischargeNodeBack1" node="0>0|2|3|2" />
  <i3dMapping id="dischargeNodeBack1_low" node="0>0|2|3|3" />
  <i3dMapping id="central_hinge_grp" node="0>0|2|4" />
  <i3dMapping id="hinge_part1" node="0>0|2|4|0" />
  <i3dMapping id="hinge_part1_roll1" node="0>0|2|4|0|0" />
  <i3dMapping id="main_piston" node="0>0|2|4|1" />
  <i3dMapping id="main_shaft" node="0>0|2|4|1|0" />
  <i3dMapping id="hoses_cyl" node="0>0|2|4|1|1" />
  <i3dMapping id="hose2_end" node="0>0|2|4|1|1|0" />
  <i3dMapping id="hose4_end" node="0>0|2|4|1|1|1" />
  <i3dMapping id="hinge_base" node="0>0|2|4|2" />
  <i3dMapping id="attachers_parts" node="0>0|3" />
  <i3dMapping id="attacher_bumperpull" node="0>0|3|0" />
  <i3dMapping id="col_bp1" node="0>0|3|0|0" />
  <i3dMapping id="col_bp2" node="0>0|3|0|1" />
  <i3dMapping id="bumperpullAttacherJoint" node="0>0|3|0|2" />
  <i3dMapping id="stripes_bp" node="0>0|3|0|3" />
  <i3dMapping id="lizard_logo_bp" node="0>0|3|0|4" />
  <i3dMapping id="electric_bp" node="0>0|3|0|5" />
  <i3dMapping id="attacher_gooseneck" node="0>0|3|1" />
  <i3dMapping id="gooseneck_decals" node="0>0|3|1|0" />
  <i3dMapping id="gooseneck_attacher" node="0>0|3|1|1" />
  <i3dMapping id="gooseneckAttacherJoint" node="0>0|3|1|1|0" />
  <i3dMapping id="col_gn1" node="0>0|3|1|2" />
  <i3dMapping id="col_gn2" node="0>0|3|1|3" />
  <i3dMapping id="extinguisher" node="0>0|3|1|4" />
  <i3dMapping id="decals_gn" node="0>0|3|1|5" />
  <i3dMapping id="tipit_logo_gn" node="0>0|3|1|5|0" />
  <i3dMapping id="lizard_logo_gn" node="0>0|3|1|5|1" />
  <i3dMapping id="stripes_gn" node="0>0|3|1|6" />
  <i3dMapping id="electric" node="0>0|3|1|7" />
  <i3dMapping id="electric_detached" node="0>0|3|1|7|0" />
  <i3dMapping id="electric_connector" node="0>0|3|1|7|0|0" />
  <i3dMapping id="mudflap_FL_ref" node="0>0|4" />
  <i3dMapping id="mudflap_FR_ref" node="0>0|5" />
  <i3dMapping id="mudflap_RL_ref" node="0>0|6" />
  <i3dMapping id="mudflap_RR_ref" node="0>0|7" />
  <i3dMapping id="component2_joint" node="0>0|8" />
  <i3dMapping id="component3_joint" node="0>0|9" />
  <i3dMapping id="collisions" node="0>1" />
  <i3dMapping id="trailer_maincomponent2" node="1>" />
  <i3dMapping id="wheelFrontLeft" node="1>0" />
  <i3dMapping id="axle1" node="1>0|0" />
  <i3dMapping id="joint3" node="1>0|1" />
  <i3dMapping id="joint5" node="1>0|2" />
  <i3dMapping id="wheelFrontLeftDrive" node="1>0|3" />
  <i3dMapping id="wheelFrontLeftHub" node="1>0|3|0" />
  <i3dMapping id="wheelFrontLeftHub1" node="1>0|3|1" />
  <i3dMapping id="wheelMiddleLeft" node="1>1" />
  <i3dMapping id="axle2" node="1>1|0" />
  <i3dMapping id="joint11" node="1>1|1" />
  <i3dMapping id="joint9" node="1>1|2" />
  <i3dMapping id="wheelMiddleLeftDrive" node="1>1|3" />
  <i3dMapping id="wheelMiddleLeftHub" node="1>1|3|0" />
  <i3dMapping id="wheelMiddleLeftHub1" node="1>1|3|1" />
  <i3dMapping id="trailer_maincomponent3" node="2>" />
  <i3dMapping id="wheelFrontRight" node="2>0" />
  <i3dMapping id="axle1_ref" node="2>0|0" />
  <i3dMapping id="wheelFrontRightDrive" node="2>0|1" />
  <i3dMapping id="wheelFrontRightHub" node="2>0|1|0" />
  <i3dMapping id="wheelFrontRightHub1" node="2>0|1|1" />
  <i3dMapping id="wheelMiddleRight" node="2>1" />
  <i3dMapping id="axle2_ref" node="2>1|0" />
  <i3dMapping id="wheelMiddleRightDrive" node="2>1|1" />
  <i3dMapping id="wheelMiddleRightHub" node="2>1|1|0" />
  <i3dMapping id="wheelMiddleRightHub1" node="2>1|1|1" />
  <i3dMapping id="mudflap_FL" node="3>" />
  <i3dMapping id="mudflap_FL_mesh" node="3>0" />
  <i3dMapping id="mudflap_FR" node="4>" />
  <i3dMapping id="mudflap_FR_mesh" node="4>0" />
  <i3dMapping id="mudflap_RL" node="5>" />
  <i3dMapping id="mudflap_RL_mesh" node="5>0" />
  <i3dMapping id="mudflap_RR" node="6>" />
  <i3dMapping id="mudflap_RR_mesh" node="6>0" />
</i3dMappings>

</vehicle>
