﻿<?xml version="1.0" encoding="utf-8" standalone="no" ?>
<modDesc descVersion="72">
    <author>82Studio</author>
	<version>1.0.2.0</version>
	<title>
		<en>20Ft Gooseneck Trailers Pack</en>
		<de>20Ft Schwanenhals Auflieger Pack</de>
		<de>Pack De Remolque De Cuello De Cisne Utilitario De 20 Pies</de>
	</title>
    <description>
		<en><![CDATA[20Ft Utility Gooseneck Trailer Package
2 Variants included in the pack, a flatbed and a tipper

- Extreme versatile trailer to transport your equipment
- Wheels selection option based on the target of your job
- Custom made wood panels and details
- Custom selection of colors plus the default ones
- Extra wide loading ramps
- Adjustable front attachment point for right balance of the loading
- Tension belts available to fix your cargo

- Option to activate Production Pallets AUTOLOAD
- Support for additional pallets with products from the following productions, among others:
Modname: Farm Production Pack ZipName: FS22_MapleSyrupProduction.zip
Modname: Maple Syrup Production ZipName: FS22_yardProductionPack.zip
Modname: Donut Production ZipName: FS22_Donut_Production.zip

Capacities:
- Flatbed AUTOLOAD: 54000
- Tipper: 26000
Price: 8000 USD

Changelog 1.0.2.0
- PLATINUM DLC PRODUCTIONS SUPPORTED!!
- WINCH Added to the flatbed trailer (requires Platinum DLC)

Changelog 1.0.1.0
- Added support for additional pallets with products from the following productions, among others:
Modname: Grain Mill Plus ZipName: FS22_GrainMillPlus.zip
Modname: Planty Production ZipName: FS22_Planty_Production.zip
Modname: Packing Facility ZipName: FS22_PackingFacility.zip
Modname: Production For Empty Pallets And Barrels ZipName: FS22_PalletAndBarrelProduction.zip
Modname: Production For Paper And Cardboard ZipName: FS22_PaperAndCardboardProduction.zip
Modname: Donut Production ZipName: FS22_Donut_Production.zip
Modname: Grain Mill Extended ZipName: FS22_grainMillExtended.zip
Modname: Donuts Factory ZipName: FS22_DonutsFactory.zip
Modname: Donuts Factory ZipName: FS22_DonutsFactory.zip
Modname: Maple Syrup Production ZipName: FS22_MappleSyrupProduction.zip
Modname: Farm Production Pack ZipName: FS22_yardProductionPack.zip

The pallet supports also:
- BULK Products
- INGAME Pallets
- Recanto Da Alvorada Map: COFFEE ROASTED_COFFEE
Modname: Recanto Da Alvorada Map ZipName: FS22_Recanto_da_Alvorada.zip
- La Coronella: MINERAL ALMOND CLEAN_OLIVE OLIVES_LEAVES COMPOST PALLET MELON SANDIA PAPEL CARTON OIL_SUNFLOWER OIL_CANOLA OIL_OLIVE OIL_ALMOND OIL_MAIZE BIOGAS BOX DONUTS CEREALCHOCO SHEEPCHEESE MERMELADAFRESA MERMELADATOMATE ZUMOTOMATE BATIDOFRESA BATIDOCHOCOLATE BATIDO2 BUTTEROIL PELLETS CHIPS
Modname: La Coronella ZipName: FS22_LaCoronella.zip
- Piney Run: PIPE STEEL GOLD GOLDBAR CEMENT BRICKS ASPHALTPALLET
Modname: La Coronella ZipName: FS22_Piney_Run_Map.zip

]]></en>
		<de><![CDATA[20 Fuß Schwanenhals Auflieger Pack
2 Varianten im Paket enthalten, eine Pritsche und ein Kipper

- Extrem vielseitiger Anhänger zum Transport Ihrer Ausrüstung
- Auswahloption für Räder basierend auf dem Ziel deiner Aufgaben
- Holzpaneele und Details nach Maß
- Benutzerdefinierte Auswahl der Farben plus der Standardfarben
- Extra breite Laderampen
- Einstellbarer vorderer Befestigungspunkt für das richtige Gleichgewicht der Ladung
- Spanngurte zur Befestigung Ihrer Ladung
- Dynamic Mount Attacher ermöglicht den Transport von Geräten

- Option zur Aktivierung von AUTOLOAD für Produktionspaletten hinzugefügt.
- Unterstützung für zusätzliche Paletten mit Produkten u.a. aus den folgenden Produktionen:
Modname: Farm Production Pack ZipName: FS22_MapleSyrupProduction.zip
Modname: Ahornsirup-Produktion ZipName: FS22_HofProduktionsPack.zip
Modname: Donut-Produktion ZipName: FS22_Donut_Produktion.zip

Kapazitäten:
- Flachbett AUTOLOAD: 54000
- Kipper: 26000
Preis: 8000 EUR

Änderungsprotokoll 1.0.2.0
- PLATINUM DLC Produktionen!!
- WINCH Added to the flatbed trailer (requires Platinum DLC)

Changelog 1.0.1.0
- Added Unterstützung für zusätzliche Paletten mit Produkten u.a. aus den folgenden Produktionen:
Modname: Grain Mill Plus ZipName: FS22_GrainMillPlus.zip
Modname: Plantagenproduktion ZipName: FS22_Planty_Produktion.zip
Modname: Packing Facility ZipName: FS22_PackingFacility.zip
Modname: Produktion für leere Paletten und Fässer ZipName: FS22_PalettenUndFassProduktion.zip
Modname: Produktion für Papier und Pappe ZipName: FS22_PapierUndKartonProduktion.zip
Modname: Donut-Produktion ZipName: FS22_Donut_Produktion.zip
Modname: Getreidemühle Erweitert ZipName: FS22_GetreidemühleErweitert.zip
Modname: Donuts Fabrik ZipName: FS22_DonutsFactory.zip
Modname: Donuts Fabrik ZipName: FS22_DonutsFactory.zip
Modname: Ahornsirup-Herstellung ZipName: FS22_MappleSyrupProduction.zip
Modname: Bauernhof Produktion Pack ZipName: FS22_HofProduktionsPack.zip

Die Palette unterstützt auch:
- BULK Produkte
- INGAME Paletten
- Recanto Da Alvorada Karte: KAFFEE GERÖSTET_KAFFEE
Modname: Recanto Da Alvorada Karte ZipName: FS22_Recanto_da_Alvorada.zip
- La Coronella: MINERAL MANDEL SAUBER_OLIVE OLIVEN_BLÄTTER KOMPOST PALETTE MELONE SANDIA PAPIER KARTON ÖL_SONNENBLUMENÖL_RAPSÖL_OLIVENÖL_MANDELÖL_MAIS BIOGAS SCHACHTEL DONUTS MÜSLICHOCO SCHAFSKÄSE MERMELADAFRESA MERMELADATOMATE ZUMOTOMATE BATIDOFRESA BATIDOCHOCOLATE BATIDO2 BUTTERÖL PELLETS CHIPS
Modname: La Coronella ZipName: FS22_LaCoronella.zip
- Piney Run: PIPE STEEL GOLD GOLDBAR CEMENT BRICKS ASPHALTPALLET
Modname: La Coronella ZipName: FS22_Piney_Run_Map.zip
]]></de>
		<es><![CDATA[Remolque De Cuello De Cisne Utilitario De 20 Pies
2 Variantes incluidas en el paquete, una plataforma y un volquete

- Remolque extremadamente versátil para transportar su equipo
- Opción de selección de ruedas según el objetivo de su trabajo
- Paneles y detalles de madera hechos a medida
- Selección personalizada de colores además de los predeterminados
- Rampas de carga extra anchas
- Punto de enganche delantero ajustable para un correcto equilibrio de la carga
- Cintas de tensión disponibles para fijar su carga
- Enganche de montaje dinámico habilitado para facilitar el transporte de equipos

- Opción para activar el AUTOLOAD de las paletas de producción
- Soporte para paletas adicionales con productos de las siguientes producciones, entre otras:
Modname: Farm Production Pack ZipName: FS22_MapleSyrupProduction.zip
Modname: Maple Syrup Production ZipName: FS22_yardProductionPack.zip
Modname: Donut Production ZipName: FS22_Donut_Production.zip

Capacidades:
- Autocaravana plana: 54000
- Volquete: 26000
Precio: 8000 EUR

Registro de cambios 1.0.2.0:
- Añadido soporte para palets del Platinum Expansion
- WINCH Added to the flatbed trailer (requires Platinum DLC)

Changelog 1.0.1.0
- Añadido soporte para paletas adicionales con productos de las siguientes producciones, entre otras:
Modname: Grain Mill Plus ZipName: FS22_GrainMillPlus.zip
Modname: Planty Production ZipName: FS22_Planty_Production.zip
Modname: Packing Facility ZipName: FS22_PackingFacility.zip
Modname: Production For Empty Pallets And Barrels ZipName: FS22_PalletAndBarrelProduction.zip
Modname: Production For Paper And Cardboard ZipName: FS22_PaperAndCardboardProduction.zip
Modname: Producción de Donuts ZipName: FS22_Donut_Production.zip
Modname: Grain Mill Extended ZipName: FS22_grainMillExtended.zip
Modname: Donuts Factory ZipName: FS22_DonutsFactory.zip
Modname: Donuts Factory ZipName: FS22_DonutsFactory.zip
Modname: Maple Syrup Production ZipName: FS22_MappleSyrupProduction.zip
Modname: Farm Production Pack ZipName: FS22_yardProductionPack.zip

La paleta también es compatible:
- Productos a granel
- Paletas INGAME
- Mapa Recanto Da Alvorada: CAFÉ_TOSTADO_CAFÉ
Modname: Mapa Recanto Da Alvorada ZipName: FS22_Recanto_da_Alvorada.zip
- La Coronella MINERAL ALMENDRA LIMPIA_ACEITUNAS_HOJAS COMPOST PALET MELÓN SANDIA PAPEL CARTÓN ACEITE_GIRASOL_ACEITE DE OLIVA_ACEITE DE ALMENDRA_MAÍZ BIOGÁS CAJA DONUTS CEREALCHOCO OVEJAQUESO MERMELADAFRESA MERMELADATOMATE ZUMOTOMATE BATIDOFRESA BATIDOCHOCOLATE BATIDO2 BUTTEROIL PELLETS CHIPS
Modname: La Coronella ZipName: FS22_LaCoronella.zip
- Piney Run: PIPE STEEL GOLD GOLDBAR CEMENT BRICKS ASPHALTPALLET
Modname: La Coronella ZipName: FS22_Piney_Run_Map.zip
]]></es>
	</description>

    <iconFilename>icon_20ftTrailer.dds</iconFilename>
	<multiplayer supported="true"/>
	
	<l10n filenamePrefix="translations/l10n"/>

    <fillTypes filename="locals/fillTypes.xml" />
	
    <storeItems>
        <storeItem xmlFilename="20ftGooseneckFlatbed.xml"/>
        <storeItem xmlFilename="20ftGooseneckTipper.xml"/>
    </storeItems>
	
	<brands>
		<brand name="LIZARDLOGISTICS" title="Lizard Logistics" image="$data/store/brands/brand_lizardLogistics.dds"/>
	</brands>
</modDesc>
