﻿<?xml version="1.0" encoding="utf-8" standalone="no" ?>
<vehicle type="leveler">
    <annotation>Copyright (C) GIANTS Software GmbH, All Rights Reserved.</annotation>

    <storeData>
        <name>Deere Mower Leveler Plow</name>
        <specs>
            <workingWidth>3.0</workingWidth>
        </specs>
        <functions>
            <function>$l10n_function_leveler</function>
        </functions>
        <image>StorePlow.dds</image>
        <price>2450</price>
        <lifetime>600</lifetime>
        <rotation>0</rotation>
        <brand>JOHNDEERE</brand>
        <category>leveler</category>
        <vertexBufferMemoryUsage>229836</vertexBufferMemoryUsage>
        <indexBufferMemoryUsage>45600</indexBufferMemoryUsage>
        <textureMemoryUsage>2796536</textureMemoryUsage>
        <instanceVertexBufferMemoryUsage>0</instanceVertexBufferMemoryUsage>
        <instanceIndexBufferMemoryUsage>0</instanceIndexBufferMemoryUsage>
    </storeData>

    <base>
        <typeDesc>$l10n_typeDesc_leveler</typeDesc>
        <filename>attachments/frontplow.i3d</filename>
        <size width="1.8" length="1" />
        <components>
            <component centerOfMass="0 0.3 0" solverIterationCount="20" mass="150" />
        </components>
        <schemaOverlay attacherJointPosition="0 0" name="IMPLEMENT" />
        <mapHotspot type="IMPLEMENT" />
    </base>
	
    <attachable>
        <inputAttacherJoints>
            <inputAttacherJoint node="attacherJoint" hardAttach="true" jointType="skidSteer"/>
        </inputAttacherJoints>		
		<support animationName="moveSupport"/>
    </attachable>

    <animations>
        <animation name="moveSupport">
			<part node="col_support_L" startTime="0" endTime="0.5" startRot="160 0 0" endRot="0 0 0"/>
			<part node="col_support_R" startTime="0" endTime="0.5" startRot="160 0 0" endRot="0 0 0"/>
			<part node="support_L" startTime="0" endTime="0.5" startRot="160 0 0" endRot="0 0 0"/>
			<part node="support_R" startTime="0" endTime="0.5" startRot="160 0 0" endRot="0 0 0"/>
        </animation>
    </animations>
	
    <fillUnit>
        <fillUnitConfigurations>
            <fillUnitConfiguration>
                <fillUnits>
                    <fillUnit unit="$l10n_unit_literShort" fillTypeCategories="bulk windrow" capacity="500" showInShop="false"/>
                </fillUnits>
            </fillUnitConfiguration>
        </fillUnitConfigurations>
    </fillUnit>
	
    <leveler fillUnitIndex="1" maxFillLevelPerMS="25">
        <levelerNode node="0>0|8" width="3.4" zOffset="0.9" minDropWidth="1.8" maxDropWidth="3.4" minDropDirOffset="1" maxDropDirOffset="1.6">
            <smoothing allowed="true" radius="0.5" overlap="1.7" />

            <occlusionAreas>
                <occlusionArea startNode="0>0|4|0|0" widthNode="0>0|4|0|1" heightNode="0>0|4|0|2"/>
            </occlusionAreas>
        </levelerNode>

        <force node="0>" maxForce="30" direction="1" />

        <pickUpDirection>1</pickUpDirection>

        <effects>
            <effectNode effectNode="0>0|3|0" effectClass="LevelerEffect" materialType="leveler"  fadeTime="0.5" speed="1" maxHeight="1" />
        </effects>
    </leveler>
	
    <foliageBending>
        <bendingNode minX="-1.5" maxX="1.5" minZ="-0.4" maxZ="0.4" yOffset="0.1" />
    </foliageBending>

    <wearable wearDuration="480" workMultiplier="5" fieldMultiplier="2"/>
    <washable dirtDuration="90" washDuration="1" workMultiplier="6" fieldMultiplier="2"/>
	
	<tensionBeltObject>																											
        <meshNodes>
            <meshNode node="blade"/>
        </meshNodes>
    </tensionBeltObject>
	
	<baseMaterial>
        <material name="attachments_mat" baseNode="blade">
            <shaderParameter name="colorMat0" value="SHARED_GREY2"/>
			<shaderParameter name="colorMat1" value="SHARED_GREY2"/>
        </material>
    </baseMaterial>
	
	<baseMaterialConfigurations useDefaultColors="False" price="200">
		<baseMaterialConfiguration name="Black Metal" color="0.02 0.02 0.02" material="0" />
		<baseMaterialConfiguration name="Plastic black" color="0.02 0.02 0.02" material="1" />
		<baseMaterialConfiguration name="Deere Green" color="0.04 0.2 0.024" material="0" />
		<baseMaterialConfiguration name="Deere Yellow" color="1 0.8 0" material="0" />
		
        <material name="attachments_mat" shaderParameter="colorMat0" />
    </baseMaterialConfigurations>

	<designMaterialConfigurations useDefaultColors="false" price="200">
		<designMaterialConfiguration name="Black Metal" color="0.02 0.02 0.02" material="0" />
		<designMaterialConfiguration name="Plastic black" color="0.02 0.02 0.02" material="1" />
		<designMaterialConfiguration name="Deere Green" color="0.04 0.2 0.024" material="0" />
		<designMaterialConfiguration name="Deere Yellow" color="1 0.8 0" material="0" />
		
        <material name="attachments_mat" shaderParameter="colorMat1" />
    </designMaterialConfigurations>
	
<i3dMappings>
  <i3dMapping id="plow_maincomponent1" node="0>" />
  <i3dMapping id="blade_vis" node="0>0" />
  <i3dMapping id="blade" node="0>0|0" />
  <i3dMapping id="attacher" node="0>0|1" />
  <i3dMapping id="attacherJoint" node="0>0|2" />
  <i3dMapping id="support_L" node="0>0|5" />
  <i3dMapping id="support_R" node="0>0|6" />
  <i3dMapping id="collisions" node="0>1" />
  <i3dMapping id="col_left" node="0>1|0" />
  <i3dMapping id="col_right" node="0>1|1" />
  <i3dMapping id="col_bottom" node="0>1|2" />
  <i3dMapping id="col_top" node="0>1|3" />
  <i3dMapping id="col_support_L" node="0>1|4" />
  <i3dMapping id="col_support_R" node="0>1|5" />
</i3dMappings>

</vehicle>
