<?xml version="1.0" encoding="utf-8" standalone="no" ?>
<sounds xmlns:xsi="http://www.w3.org/2001/XMLSchema-instance" xsi:noNamespaceSchemaLocation="../../../../../shared/xml/schema/vehicle_sounds.xsd">
    <motorized>
        <sounds>
            <motor template="engineSmall" file="$data/vehicles/landini/seriesREX4/sounds/seriesREX4_loop.gls" volumeScale="1.3"/>
            
            <motor file="$data/vehicles/aebi/cc66/sounds/aebi_cc66_idle_loop.wav" linkNode="0>" fadeIn="0.8" fadeOut="0.8" innerRadius="10.0" outerRadius="80.0" >
                <volume indoor="0.95" outdoor="0.95" >
                    <modifier type="MOTOR_RPM" value="0.00" modifiedValue="1.00" />
                    <modifier type="MOTOR_RPM" value="1.00" modifiedValue="0.50" />
                </volume>
                <pitch indoor="1.0" outdoor="1.0" >
                    <modifier type="MOTOR_RPM" value="0.00" modifiedValue="1.00" />
                    <modifier type="MOTOR_RPM" value="1.00" modifiedValue="1.154" />
            
                    <modifier type="SUSPENSION" value="-1.0" modifiedValue="0.95" />
                    <modifier type="SUSPENSION" value="-0.05" modifiedValue="0.98" />
                    <modifier type="SUSPENSION" value="0" modifiedValue="1.0" />
                    <modifier type="SUSPENSION" value="0.05" modifiedValue="1.02" />
                    <modifier type="SUSPENSION" value="1.0" modifiedValue="1.05" />
                </pitch>
            </motor>
            
            <motor file="$data/vehicles/aebi/cc66/sounds/aebi_cc66_run_loop.wav" linkNode="0>" fadeIn="0.8" fadeOut="0.8" innerRadius="10.0" outerRadius="80.0" >
                <volume indoor="0.95" outdoor="0.95" >
                    <modifier type="MOTOR_RPM" value="0.00" modifiedValue="0.00" />
                    <modifier type="MOTOR_RPM" value="0.01" modifiedValue="0.30" />
                    <modifier type="MOTOR_RPM" value="0.10" modifiedValue="0.50" />
                    <modifier type="MOTOR_RPM" value="1.00" modifiedValue="1.00" />
                </volume>    
                <pitch indoor="1.0" outdoor="1.0" >
                    <modifier type="MOTOR_RPM" value="0.00" modifiedValue="0.66" />
                    <modifier type="MOTOR_RPM" value="1.00" modifiedValue="0.86" />
            
                    <modifier type="SUSPENSION" value="-1.0" modifiedValue="0.95" />
                    <modifier type="SUSPENSION" value="-0.05" modifiedValue="0.98" />
                    <modifier type="SUSPENSION" value="0" modifiedValue="1.0" />
                    <modifier type="SUSPENSION" value="0.05" modifiedValue="1.02" />
                    <modifier type="SUSPENSION" value="1.0" modifiedValue="1.05" />
                </pitch>
            </motor>
            <motor file="sounds\MowerIdle.ogg" linkNode="0>" fadeIn="0.6" fadeOut="0.2"  innerRadius="10.0" outerRadius="80.0" >
                <volume indoor="0.8" outdoor="0.8" >
                    <modifier type="MOTOR_RPM" value="0.00" modifiedValue="1.00" />
                    <modifier type="MOTOR_RPM" value="1.00" modifiedValue="0.50" />
                </volume>
                <pitch indoor="1.0" outdoor="1.0" >
                    <modifier type="MOTOR_RPM" value="0.00" modifiedValue="1.00" />
                    <modifier type="MOTOR_RPM" value="1.00" modifiedValue="1.154" />
            
                    <modifier type="SUSPENSION" value="-1.0" modifiedValue="0.95" />
                    <modifier type="SUSPENSION" value="-0.05" modifiedValue="0.98" />
                    <modifier type="SUSPENSION" value="0" modifiedValue="1.0" />
                    <modifier type="SUSPENSION" value="0.05" modifiedValue="1.02" />
                    <modifier type="SUSPENSION" value="1.0" modifiedValue="1.05" />
                </pitch>
            </motor>
            
            <motor file="sounds\MowerIdle.ogg" linkNode="0>" fadeIn="0.6" fadeOut="0.2"  innerRadius="10.0" outerRadius="80.0" >
                <volume indoor="0.8" outdoor="0.8" >
                    <modifier type="MOTOR_RPM" value="0.00" modifiedValue="0.00" />
                    <modifier type="MOTOR_RPM" value="0.01" modifiedValue="0.30" />
                    <modifier type="MOTOR_RPM" value="0.10" modifiedValue="0.50" />
                    <modifier type="MOTOR_RPM" value="1.00" modifiedValue="1.00" />
                </volume>    
                <pitch indoor="1.0" outdoor="1.0" >
                    <modifier type="MOTOR_RPM" value="0.00" modifiedValue="0.66" />
                    <modifier type="MOTOR_RPM" value="1.00" modifiedValue="0.86" />
            
                    <modifier type="SUSPENSION" value="-1.0" modifiedValue="0.95" />
                    <modifier type="SUSPENSION" value="-0.05" modifiedValue="0.98" />
                    <modifier type="SUSPENSION" value="0" modifiedValue="1.0" />
                    <modifier type="SUSPENSION" value="0.05" modifiedValue="1.02" />
                    <modifier type="SUSPENSION" value="1.0" modifiedValue="1.05" />
                </pitch>
            </motor>
        </sounds>
    </motorized>

    
    <turnOnVehicle turnOffIfNotAllowed="true">
        <sounds>
            <work template="harvesterChopper"  linkNode="0>" fadeIn="0.8" fadeOut="0.8" volumeScale="1"/>
			
            <start file="sounds\MowerDeckStart.ogg" innerRadius="5.0" outerRadius="80.0" linkNode="0>" >
                <volume indoor="1" outdoor="1" />
                <pitch indoor="1.0" outdoor="1.0" >
                    <modifier type="MOWER_LOAD" value="0.00" modifiedValue="1.00" />
                    <modifier type="MOWER_LOAD" value="1.00" modifiedValue="0.90" />
                </pitch>
                <lowpassGain indoor="0.8" outdoor="1.0" />
            </start>
            <work file="sounds\MowerDeckWork.ogg" linkNode="0>" volumeScale="1"/>
            <stop file="sounds\MowerDeckStop.ogg" linkNode="0>" fadeOut="0.8" volumeScale="1"/>
 
        </sounds>
    </turnOnVehicle>
    
    <cylindered>
        <sounds>
            <hydraulic template="defaultHydraulicSound" linkNode="0>"/>
        </sounds>
    </cylindered>
    
    <drivable>
        <sounds>
            <waterSplash template="WATER_SPLASH_01" />
        </sounds>
    </drivable>
</sounds>
