<?xml version="1.0" encoding="utf-8" standalone="no" ?>
<wheel xmlns:xsi="http://www.w3.org/2001/XMLSchema-instance" xsi:noNamespaceSchemaLocation="../../../../../../shared/xml/schema/wheel.xsd">
    <brand>TRELLEBORG</brand>
    <name>SK-800</name>
    <default>
        <physics radius="0.435" width="0.308" mass="0.049" tireType="offRoad" frictionScale="1.60" maxLongStiffness="8" maxLatStiffness="100" maxLatStiffnessLoad="2" />
        <tire filename="tires/R16_5_SK800.i3d" nodeLeft="0|0" nodeRight="0|0" maxDeformation="0.03" sideDeformOffset="0.994" isCareWheel="false" tireTrackAtlasIndex="3" />
        <outerRim filename="$data/shared/wheels/rims/rim001.i3d" node="0|0" widthAndDiam="19.5 16.5" scale="0.5 1 1" />
        <innerRim filename="$data/shared/wheels/rims/rim001.i3d" nodeLeft="2|0" nodeRight="2|1" widthAndDiam="9.75 16.5" scale="0.5 1 1" />
    </default>
</wheel>
