<?xml version="1.0" encoding="utf-8" standalone="no" ?>
<wheel xmlns:xsi="http://www.w3.org/2001/XMLSchema-instance" xsi:noNamespaceSchemaLocation="../../../../../../shared/xml/schema/wheel.xsd">
    <brand>NOKIAN</brand>
    <name>Ground King</name>
    <default>
        <physics radius="0.429" width="0.272" mass="0.0759" tireType="street" frictionScale="1.60" maxLongStiffness="8" maxLatStiffness="100" maxLatStiffnessLoad="2"/>
        
    </default>
	
	<configurations>
		<configuration id="front" >
			<tire filename="wheels/wheels.i3d" nodeLeft="0|2" nodeRight="0|2" maxDeformation="0.064" sideDeformOffset="0.968" isCareWheel="false" tireTrackAtlasIndex="11"/>
			<outerRim filename="$data/shared/wheels/rims/rim001.i3d" node="1|0" widthAndDiam="13 17"/>
        </configuration>
		<configuration id="supersingle" >
			<tire filename="wheels/wheels.i3d" nodeLeft="0|4" nodeRight="0|4" maxDeformation="0.07" sideDeformOffset="0.970" isCareWheel="false" tireTrackAtlasIndex="14" />
			<outerRim filename="$data/shared/wheels/rims/rim001.i3d" node="0|0" widthAndDiam="17 16" />
			<innerRim filename="wheels/wheels.i3d" nodeLeft="1|0|0" nodeRight="1|0|1" widthAndDiam="13 15" offset="0.00"/>
        </configuration>
		<configuration id="dual" >
			<tire filename="wheels/wheels.i3d" nodeLeft="0|3" nodeRight="0|3" maxDeformation="0.07" sideDeformOffset="0.970" isCareWheel="false" tireTrackAtlasIndex="14" />
			<outerRim filename="$data/shared/wheels/rims/rim001.i3d" node="0|0" widthAndDiam="7 16" offset="1.05"/>
			<innerRim filename="wheels/wheels.i3d" nodeLeft="1|0|0" nodeRight="1|0|1" widthAndDiam="13 15" offset="0.20"/>
        </configuration>
		<configuration id="addtire" >
			<tire filename="wheels/wheels.i3d" nodeLeft="0|3" nodeRight="0|3" maxDeformation="0.07" sideDeformOffset="0.970" isCareWheel="false" tireTrackAtlasIndex="14" />
			<outerRim filename="$data/shared/wheels/rims/rim001.i3d" node="0|0" widthAndDiam="7 16" offset="1.05"/>
        </configuration>
	</configurations>
</wheel>
