﻿<?xml version="1.0" encoding="utf-8" standalone="no" ?>
<map xmlns:xsi="http://www.w3.org/2001/XMLSchema-instance" xsi:noNamespaceSchemaLocation="../../shared/xml/schema/fillTypes.xsd">

    <fillTypeCategories>
        <fillTypeCategory name="LOC_GRAINMILL">CRACKEDCORN CORNMEAL</fillTypeCategory>
        <fillTypeCategory name="LOC_PACKING">CRISPS KETCHUP SALAD SYRUP PELLETS SOYMILK FOOD OBJECT LIQUID REP</fillTypeCategory>
        <fillTypeCategory name="LOC_FARMPROD">FRENCHFRIES SORTEDPOTATOES NOODLES TOMATOSAUCE MIXSALAD OATDRINK OATMEAL POPCORN SOYDRINK STRAWBERRYICECREAM</fillTypeCategory>
        <fillTypeCategory name="LOC_DONUT">DONUT_GLAZED DONUT_STRAWBERRY DONUT_CHOCOLATE DONUTS</fillTypeCategory>
        <fillTypeCategory name="LOC_OTHERS">MAPLESYRUP</fillTypeCategory>
        <fillTypeCategory name="LOC_SEEDPOTATO">WASTEPOTATO SEEDPOTATO PREMIUMPOTATO PREMIUMBAGGED BAGGEDSEEDPOTATO</fillTypeCategory>
        <fillTypeCategory name="LOC_PAPER">EMPTYPALLET PAPER CARDBOARD</fillTypeCategory>
        <fillTypeCategory name="LOC_PLANTY">OATMILK SOYACUISINE SKYR TOFU TOFUROSSO SMOKEDTOFU</fillTypeCategory>
        <fillTypeCategory name="LOC_BARREL">BEAMS EMPTYBARREL BARKMULCH</fillTypeCategory>
		<fillTypeCategory name="LOC_REFER">BREAD CAKE BUTTER CHEESE GRAPEJUICE STRAWBERRY LETTUCE TOMATO EGG HONEY OLIVE CRISPS FRENCHFRIES KETCHUP SALAD SYRUP MAPLESYRUP SOYMILK FOOD LIQUID NOODLES TOMATOSAUCE MIXSALAD SOYDRINK STRAWBERRYICECREAM DONUT_GLAZED DONUT_STRAWBERRY DONUT_CHOCOLATE DONUTS TOFU TOFUROSSO SMOKEDTOFU</fillTypeCategory>
		<fillTypeCategory name="LOC_BIGBAGS">wheat fertilizer oat lime pigFood roadSalt seeds</fillTypeCategory>
		<fillTypeCategory name="LOC_PRODUCTS">FLOUR BREAD CAKE BUTTER CHEESE FABRIC SUGAR CLOTHES CEREAL SUNFLOWER_OIL CANOLA_OIL OLIVE_OIL RAISINS GRAPEJUICE CHOCOLATE BOARDS FURNITURE STRAWBERRY LETTUCE TOMATO EGG HONEY GRAPE OLIVE WOOL SILAGE_ADDITIVE</fillTypeCategory>
		<fillTypeCategory name="LOC_SA">COFFEE ROASTED_COFFEE</fillTypeCategory>
		<fillTypeCategory name="LOC_CORONELLA">MINERAL ALMOND CLEAN_OLIVE OLIVES_LEAVES COMPOST PALLET MELON SANDIA PAPEL CARTON OIL_SUNFLOWER OIL_CANOLA OIL_OLIVE OIL_ALMOND OIL_MAIZE BIOGAS BOX DONUTS CEREALCHOCO SHEEPCHEESE MERMELADAFRESA MERMELADATOMATE ZUMOTOMATE BATIDOFRESA BATIDOCHOCOLATE BATIDO2 BUTTEROIL PELLETS CHIPS</fillTypeCategory>
		<fillTypeCategory name="LOC_PLATINUM">IRONORE ARMOIRE BARREL BATHTUB BIRDHOUSE BOWL BUCKET CARTONROLL CATTREE CHAIR DOGHOUSE EASEL FLOORTILES METAL PAPERROLL PEPPERGRINDER PICTUREFRAME PLANKS PREFABWALL SHINGLE STAIRCASERAILING STONE TABLE WOODBEAM</fillTypeCategory>
		<fillTypeCategory name="LOC_PINEY">PIPE STEEL GOLD GOLDBAR CEMENT BRICKS ASPHALTPALLET</fillTypeCategory>
		<fillTypeCategory name="LOC_WOOD">WOOD</fillTypeCategory>
    </fillTypeCategories>

</map>
